[
    {
        "model": "auth.user",
        "pk": 1,
        "fields": {
            "password": "pbkdf2_sha256$1000000$Z0I3NaA7GfqNNswjK4ptTv$yDZIO8/ecs064RSUvWCdgyB6tKlvShqmw20rxFRdvxY=",
            "last_login": "2026-02-14T20:50:39.153Z",
            "is_superuser": true,
            "username": "admin",
            "first_name": "",
            "last_name": "",
            "email": "admin@gmail.com",
            "is_staff": true,
            "is_active": true,
            "date_joined": "2025-12-10T15:43:18.132Z",
            "groups": [],
            "user_permissions": []
        }
    },
    {
        "model": "auth.user",
        "pk": 2,
        "fields": {
            "password": "pbkdf2_sha256$1000000$BKHUgRC2se8B6zd6bfwgTf$Q+CyHtUB/js1Wz/2DSy/nucGcYDu2sSd/RbIzk1f6A4=",
            "last_login": "2025-12-11T14:52:16.765Z",
            "is_superuser": false,
            "username": "testuser",
            "first_name": "",
            "last_name": "",
            "email": "testuser@gmail.com",
            "is_staff": false,
            "is_active": true,
            "date_joined": "2025-12-11T14:52:14.257Z",
            "groups": [],
            "user_permissions": []
        }
    },
    {
        "model": "auth.user",
        "pk": 3,
        "fields": {
            "password": "pbkdf2_sha256$1000000$m9DwF5BAJAjztpMUTjJoM1$yGbjw/8tcNBWiDvA4+s7ZfpCB1rfMf7Q41+sahNikOA=",
            "last_login": "2025-12-14T11:59:07.139Z",
            "is_superuser": false,
            "username": "contractor1",
            "first_name": "",
            "last_name": "",
            "email": "contractor@gmail.com",
            "is_staff": false,
            "is_active": true,
            "date_joined": "2025-12-11T14:56:26.933Z",
            "groups": [],
            "user_permissions": []
        }
    },
    {
        "model": "auth.user",
        "pk": 4,
        "fields": {
            "password": "pbkdf2_sha256$1000000$pLw6lsS3qsuXBxDbCdePJc$jeagwU+8pfF8nah1DSeH+B2kg0+wFdyovgb8SFY3yiI=",
            "last_login": "2025-12-14T12:04:23.271Z",
            "is_superuser": false,
            "username": "contractor2",
            "first_name": "",
            "last_name": "",
            "email": "contractor2@gmail.com",
            "is_staff": false,
            "is_active": true,
            "date_joined": "2025-12-11T15:03:09.744Z",
            "groups": [],
            "user_permissions": []
        }
    },
    {
        "model": "auth.user",
        "pk": 5,
        "fields": {
            "password": "pbkdf2_sha256$1000000$heL5uzjSaC2kqPYnaXpN0X$FJBxCrSWW0r1lTkdCh8vzbSBHhM0f5tVmffG7Grwikw=",
            "last_login": "2026-01-14T15:08:10.210Z",
            "is_superuser": false,
            "username": "citizen1",
            "first_name": "",
            "last_name": "",
            "email": "citizen1@test.com",
            "is_staff": false,
            "is_active": true,
            "date_joined": "2025-12-14T10:53:17.721Z",
            "groups": [],
            "user_permissions": []
        }
    },
    {
        "model": "auth.user",
        "pk": 6,
        "fields": {
            "password": "pbkdf2_sha256$1000000$RnVqrB3ehmQOfPhecFItjW$2hi1ZaVCbO3D1Q67z21G8phbKNh3li684zKbbVScTsw=",
            "last_login": "2025-12-14T12:47:00.804Z",
            "is_superuser": false,
            "username": "citizen2",
            "first_name": "",
            "last_name": "",
            "email": "testuser@email.com",
            "is_staff": false,
            "is_active": true,
            "date_joined": "2025-12-14T11:07:22.923Z",
            "groups": [],
            "user_permissions": []
        }
    },
    {
        "model": "auth.user",
        "pk": 7,
        "fields": {
            "password": "pbkdf2_sha256$1000000$GwTuerug3lMhdBNTVCe5ha$aDSkl5vvou+fDxDbIRdWj+zcOh4BAjZ5GOZiOChQYks=",
            "last_login": "2025-12-14T12:03:44.419Z",
            "is_superuser": false,
            "username": "contractor5",
            "first_name": "",
            "last_name": "",
            "email": "contractor@gmail.com",
            "is_staff": false,
            "is_active": true,
            "date_joined": "2025-12-14T11:13:35.696Z",
            "groups": [],
            "user_permissions": []
        }
    },
    {
        "model": "auth.user",
        "pk": 8,
        "fields": {
            "password": "pbkdf2_sha256$1000000$VxmpoMYAPR13E3o9gsQSr9$2uk/Xtwe+vSA/ey6estk/DjwHOAkG2V+sfwgMQ9J5Tk=",
            "last_login": "2025-12-14T13:57:23.835Z",
            "is_superuser": false,
            "username": "officer1",
            "first_name": "",
            "last_name": "",
            "email": "",
            "is_staff": false,
            "is_active": true,
            "date_joined": "2025-12-14T11:27:43.549Z",
            "groups": [],
            "user_permissions": []
        }
    },
    {
        "model": "auth.user",
        "pk": 9,
        "fields": {
            "password": "pbkdf2_sha256$1000000$csrEe2kfLpwBlnRbpKFB4E$qdO0EKHXT72D+NpOHk3gIuCKCyIuvrgreL2gDM2gHAM=",
            "last_login": "2025-12-14T12:31:44.205Z",
            "is_superuser": false,
            "username": "contractor10",
            "first_name": "",
            "last_name": "",
            "email": "testuser@email.com",
            "is_staff": false,
            "is_active": true,
            "date_joined": "2025-12-14T12:11:48.766Z",
            "groups": [],
            "user_permissions": []
        }
    },
    {
        "model": "auth.user",
        "pk": 10,
        "fields": {
            "password": "pbkdf2_sha256$1000000$dUkDAThh9qDJAxPhVkBEwR$aYSC6AIA+hGOQRBjKkHIDMz2ra6epx0ZJbKspIHCoaM=",
            "last_login": "2026-01-31T07:32:33.225Z",
            "is_superuser": false,
            "username": "contractor11",
            "first_name": "",
            "last_name": "",
            "email": "hellobyeot4@gmail.com",
            "is_staff": false,
            "is_active": true,
            "date_joined": "2025-12-14T12:15:48.563Z",
            "groups": [],
            "user_permissions": []
        }
    },
    {
        "model": "auth.user",
        "pk": 11,
        "fields": {
            "password": "pbkdf2_sha256$1000000$oKQq0BF5Bm2GFFJQdF7ISM$T5OcAqYKyebvFq9KCsB0A1JT5lKgxo8RuR6UW9PD85s=",
            "last_login": "2025-12-14T13:22:52.765Z",
            "is_superuser": false,
            "username": "kkkk",
            "first_name": "",
            "last_name": "",
            "email": "kaif@gmail.com",
            "is_staff": false,
            "is_active": true,
            "date_joined": "2025-12-14T13:22:48.935Z",
            "groups": [],
            "user_permissions": []
        }
    },
    {
        "model": "auth.user",
        "pk": 12,
        "fields": {
            "password": "pbkdf2_sha256$1000000$fFG4jVRIuMoQqdtXKZGom0$hujZErCZ+hqQ0wCeDlwyDhl/qfnTLug/tmPWWzIVwbo=",
            "last_login": "2026-01-31T07:36:41.070Z",
            "is_superuser": false,
            "username": "officernorth",
            "first_name": "",
            "last_name": "",
            "email": "",
            "is_staff": false,
            "is_active": true,
            "date_joined": "2025-12-14T14:00:26.340Z",
            "groups": [],
            "user_permissions": []
        }
    },
    {
        "model": "auth.user",
        "pk": 13,
        "fields": {
            "password": "pbkdf2_sha256$1000000$9vHYUo9QjEyEJBmSSYoBcT$IDqHVgihPTK2QnSaSDpyd/f1RMhSBSTE5EDVhL01iZg=",
            "last_login": "2025-12-15T11:03:21.337Z",
            "is_superuser": false,
            "username": "officereast",
            "first_name": "",
            "last_name": "",
            "email": "",
            "is_staff": false,
            "is_active": true,
            "date_joined": "2025-12-15T11:02:06.803Z",
            "groups": [],
            "user_permissions": []
        }
    },
    {
        "model": "auth.user",
        "pk": 14,
        "fields": {
            "password": "pbkdf2_sha256$1000000$D4J4fJWhB62ZfhTYVdmTjo$2u5Da7w0TX5bWm7WOHKWlBtTQYRmJ028Nx4z2/zQ5QE=",
            "last_login": "2026-01-14T09:38:01.026Z",
            "is_superuser": false,
            "username": "officer_north",
            "first_name": "",
            "last_name": "",
            "email": "",
            "is_staff": false,
            "is_active": true,
            "date_joined": "2026-01-14T09:37:05.515Z",
            "groups": [],
            "user_permissions": []
        }
    },
    {
        "model": "auth.user",
        "pk": 15,
        "fields": {
            "password": "pbkdf2_sha256$1000000$884nagUY3OrQVbmWti1mdR$nsidvaAibulCHIlHonej1oxGGCxrWkbvssm/VxuFvVE=",
            "last_login": "2026-02-14T09:29:52.948Z",
            "is_superuser": false,
            "username": "sakshi",
            "first_name": "sakshi",
            "last_name": "sawant",
            "email": "hellobyeot4@gmail.com",
            "is_staff": false,
            "is_active": true,
            "date_joined": "2026-01-31T06:58:49.899Z",
            "groups": [],
            "user_permissions": []
        }
    },
    {
        "model": "auth.user",
        "pk": 17,
        "fields": {
            "password": "pbkdf2_sha256$1000000$w55pM5KmxVVm4M2cfU8Zb3$bk/hJhEOYmHPswx6TNx3JlDTJ1u2V5UJEpP4edNL5nc=",
            "last_login": "2026-02-05T15:27:50.875Z",
            "is_superuser": false,
            "username": "saku2",
            "first_name": "",
            "last_name": "",
            "email": "hellobyeot4@gmail.com",
            "is_staff": false,
            "is_active": true,
            "date_joined": "2026-02-05T15:27:48.126Z",
            "groups": [],
            "user_permissions": []
        }
    },
    {
        "model": "auth.user",
        "pk": 19,
        "fields": {
            "password": "pbkdf2_sha256$1000000$ITUSPY2yMBu28q9wtiSAL1$LlOjZHE7ZyCcw4bJ92mT5L9x6+IiwaT/kg+KCrukSlI=",
            "last_login": "2026-02-14T09:08:17.320Z",
            "is_superuser": false,
            "username": "saksh",
            "first_name": "sakshi",
            "last_name": "sawant",
            "email": "sakshisawant1705@gmail.com",
            "is_staff": false,
            "is_active": true,
            "date_joined": "2026-02-06T08:03:17.060Z",
            "groups": [],
            "user_permissions": []
        }
    },
    {
        "model": "auth.user",
        "pk": 20,
        "fields": {
            "password": "pbkdf2_sha256$1000000$x5NFRKGl4BWmdHB4lcMxFl$SeuH7nCdv7JySeCgY/95QWEfDuQuzylKOkITmysKcyI=",
            "last_login": "2026-02-14T09:14:13.101Z",
            "is_superuser": false,
            "username": "central",
            "first_name": "officer",
            "last_name": "central",
            "email": "sakshisawant1705@gmail.com",
            "is_staff": false,
            "is_active": true,
            "date_joined": "2026-02-06T13:41:20.367Z",
            "groups": [],
            "user_permissions": []
        }
    },
    {
        "model": "auth.user",
        "pk": 21,
        "fields": {
            "password": "pbkdf2_sha256$1000000$cBFh6LoxVOG53ajzzt8vYj$38vUL2j0ve1UUNAt5SydNC9oygM3ETchq3pr6ltPqcQ=",
            "last_login": "2026-02-06T18:13:29.388Z",
            "is_superuser": false,
            "username": "swara",
            "first_name": "",
            "last_name": "",
            "email": "hellobyeot4@gmail.com",
            "is_staff": false,
            "is_active": true,
            "date_joined": "2026-02-06T17:56:32.113Z",
            "groups": [],
            "user_permissions": []
        }
    },
    {
        "model": "auth.user",
        "pk": 22,
        "fields": {
            "password": "pbkdf2_sha256$1000000$aG9ijuAuy9JslgIzCgKboC$Z3soVt4OZ2QVgXHAQlFRq8O4AXoxXrQx5HtDtLgeHBg=",
            "last_login": null,
            "is_superuser": false,
            "username": "off_north_gjbq",
            "first_name": "",
            "last_name": "",
            "email": "off_north_gjbq@urban.com",
            "is_staff": false,
            "is_active": true,
            "date_joined": "2026-02-07T06:17:56.633Z",
            "groups": [],
            "user_permissions": []
        }
    },
    {
        "model": "auth.user",
        "pk": 23,
        "fields": {
            "password": "pbkdf2_sha256$1000000$D63yQ2wttUGe9urxoxOzKx$pgYWdQf8tmeGbsNhaW5QihscYi9zZTIlVPUWO1wpdsg=",
            "last_login": null,
            "is_superuser": false,
            "username": "off_south_gjbq",
            "first_name": "",
            "last_name": "",
            "email": "off_south_gjbq@urban.com",
            "is_staff": false,
            "is_active": true,
            "date_joined": "2026-02-07T06:17:57.688Z",
            "groups": [],
            "user_permissions": []
        }
    },
    {
        "model": "auth.user",
        "pk": 24,
        "fields": {
            "password": "pbkdf2_sha256$1000000$nFZyb0hBpyXp5zY5Q0WQWc$CwVp5osDPoMOVminqEoetvLw+DKlkMvr78tqStRj2EM=",
            "last_login": null,
            "is_superuser": false,
            "username": "off_east_gjbq",
            "first_name": "",
            "last_name": "",
            "email": "off_east_gjbq@urban.com",
            "is_staff": false,
            "is_active": true,
            "date_joined": "2026-02-07T06:17:58.612Z",
            "groups": [],
            "user_permissions": []
        }
    },
    {
        "model": "auth.user",
        "pk": 25,
        "fields": {
            "password": "pbkdf2_sha256$1000000$wpcSbpeYDYJoIvLt98fJj4$RlwyAF5PZODTaG8d2o1G2AiB0G8xSlEqQFeXYEYFdpo=",
            "last_login": null,
            "is_superuser": false,
            "username": "off_west_gjbq",
            "first_name": "",
            "last_name": "",
            "email": "off_west_gjbq@urban.com",
            "is_staff": false,
            "is_active": true,
            "date_joined": "2026-02-07T06:17:59.293Z",
            "groups": [],
            "user_permissions": []
        }
    },
    {
        "model": "auth.user",
        "pk": 26,
        "fields": {
            "password": "pbkdf2_sha256$1000000$acU9L8KAwrQSPYMukbZhpA$0DiMBEfk28fCdJEiWb24UsBxrv/YqksRcsl93T2nLOg=",
            "last_login": null,
            "is_superuser": false,
            "username": "off_central_gjbq",
            "first_name": "",
            "last_name": "",
            "email": "off_central_gjbq@urban.com",
            "is_staff": false,
            "is_active": true,
            "date_joined": "2026-02-07T06:18:00.397Z",
            "groups": [],
            "user_permissions": []
        }
    },
    {
        "model": "auth.user",
        "pk": 27,
        "fields": {
            "password": "pbkdf2_sha256$1000000$tTgbk12K1O6zTjg7jowZtC$+IiYrcBczhkr/ERtsyLSGmBUy9Dxka8HBEAYc/VVxUY=",
            "last_login": null,
            "is_superuser": false,
            "username": "cont_north_water_gjbq",
            "first_name": "",
            "last_name": "",
            "email": "cont_north_water_gjbq@build.com",
            "is_staff": false,
            "is_active": true,
            "date_joined": "2026-02-07T06:18:01.350Z",
            "groups": [],
            "user_permissions": []
        }
    },
    {
        "model": "auth.user",
        "pk": 28,
        "fields": {
            "password": "pbkdf2_sha256$1000000$nDVkHwov6jkxRLcTSJQZFU$cW1DRCQ5bXtMq5WT+VExVatCOiV4/l74vrHxCWqZdkA=",
            "last_login": null,
            "is_superuser": false,
            "username": "cont_north_road_gjbq",
            "first_name": "",
            "last_name": "",
            "email": "cont_north_road_gjbq@build.com",
            "is_staff": false,
            "is_active": true,
            "date_joined": "2026-02-07T06:18:01.932Z",
            "groups": [],
            "user_permissions": []
        }
    },
    {
        "model": "auth.user",
        "pk": 29,
        "fields": {
            "password": "pbkdf2_sha256$1000000$j24iELZXMQAPU4PUJ13Dyj$jpCwE8hcdwd3yYay3q9ZgoMYLRSlqGlE2xBIwF23ysQ=",
            "last_login": null,
            "is_superuser": false,
            "username": "cont_north_electricity_gjbq",
            "first_name": "",
            "last_name": "",
            "email": "cont_north_electricity_gjbq@build.com",
            "is_staff": false,
            "is_active": true,
            "date_joined": "2026-02-07T06:18:02.724Z",
            "groups": [],
            "user_permissions": []
        }
    },
    {
        "model": "auth.user",
        "pk": 30,
        "fields": {
            "password": "pbkdf2_sha256$1000000$lImfM4i29v8bx3DrZiKDSo$loJUKTSJLbo/komlptCYbMVqKmMQ/aiFHjFCFSu+A5o=",
            "last_login": null,
            "is_superuser": false,
            "username": "cont_north_sanitation_gjbq",
            "first_name": "",
            "last_name": "",
            "email": "cont_north_sanitation_gjbq@build.com",
            "is_staff": false,
            "is_active": true,
            "date_joined": "2026-02-07T06:18:03.309Z",
            "groups": [],
            "user_permissions": []
        }
    },
    {
        "model": "auth.user",
        "pk": 31,
        "fields": {
            "password": "pbkdf2_sha256$1000000$xtxQyEk8dUcFBgJxCByYQt$h31g7tKLofNVACqtlQZWmkfm6QWl52upD/cdME9WU5g=",
            "last_login": null,
            "is_superuser": false,
            "username": "cont_north_other_gjbq",
            "first_name": "",
            "last_name": "",
            "email": "cont_north_other_gjbq@build.com",
            "is_staff": false,
            "is_active": true,
            "date_joined": "2026-02-07T06:18:04.092Z",
            "groups": [],
            "user_permissions": []
        }
    },
    {
        "model": "auth.user",
        "pk": 32,
        "fields": {
            "password": "pbkdf2_sha256$1000000$JOgLPSdzGUkHQD6MsWAuo8$iKkUHn9Lyx0DvKI1WQCN2SiDerRKDoOuMFvhoG0Wj7g=",
            "last_login": null,
            "is_superuser": false,
            "username": "cont_south_water_gjbq",
            "first_name": "",
            "last_name": "",
            "email": "cont_south_water_gjbq@build.com",
            "is_staff": false,
            "is_active": true,
            "date_joined": "2026-02-07T06:18:04.677Z",
            "groups": [],
            "user_permissions": []
        }
    },
    {
        "model": "auth.user",
        "pk": 33,
        "fields": {
            "password": "pbkdf2_sha256$1000000$b0BIbMEB2GydUmPHmbMYx1$sVZjUiclxhzmmqJR2U5ZThuKgJvir9UMDvMQ7c/0qVY=",
            "last_login": null,
            "is_superuser": false,
            "username": "cont_south_road_gjbq",
            "first_name": "",
            "last_name": "",
            "email": "cont_south_road_gjbq@build.com",
            "is_staff": false,
            "is_active": true,
            "date_joined": "2026-02-07T06:18:05.464Z",
            "groups": [],
            "user_permissions": []
        }
    },
    {
        "model": "auth.user",
        "pk": 34,
        "fields": {
            "password": "pbkdf2_sha256$1000000$CyMTmjfUQCbe1lbyl2qim6$HjOtgrjNJY7r6QW1oUWLAIbkm+q/QT58XHFkuUGbK10=",
            "last_login": null,
            "is_superuser": false,
            "username": "cont_south_electricity_gjbq",
            "first_name": "",
            "last_name": "",
            "email": "cont_south_electricity_gjbq@build.com",
            "is_staff": false,
            "is_active": true,
            "date_joined": "2026-02-07T06:18:06.069Z",
            "groups": [],
            "user_permissions": []
        }
    },
    {
        "model": "auth.user",
        "pk": 35,
        "fields": {
            "password": "pbkdf2_sha256$1000000$GJWpE0foddbp0iH0muSENu$3veg1A0n+I+UP6c7yJF/8vZ56cDAws2KuJg/Tm3kcuQ=",
            "last_login": null,
            "is_superuser": false,
            "username": "cont_south_sanitation_gjbq",
            "first_name": "",
            "last_name": "",
            "email": "cont_south_sanitation_gjbq@build.com",
            "is_staff": false,
            "is_active": true,
            "date_joined": "2026-02-07T06:18:06.825Z",
            "groups": [],
            "user_permissions": []
        }
    },
    {
        "model": "auth.user",
        "pk": 36,
        "fields": {
            "password": "pbkdf2_sha256$1000000$G7Wca9Lg0zj3c0V2FGFfWR$u+DXQmU8Er+/8aceIlqh6IXgNDjsYnY8Q1yUTFv7X8o=",
            "last_login": null,
            "is_superuser": false,
            "username": "cont_south_other_gjbq",
            "first_name": "",
            "last_name": "",
            "email": "cont_south_other_gjbq@build.com",
            "is_staff": false,
            "is_active": true,
            "date_joined": "2026-02-07T06:18:07.541Z",
            "groups": [],
            "user_permissions": []
        }
    },
    {
        "model": "auth.user",
        "pk": 37,
        "fields": {
            "password": "pbkdf2_sha256$1000000$jEto7Y7tBmQj5Wj4qQ1YIx$wWxP+4OJFjuf2eMvDJhbhZjszF3Qyhrh1UkcAZNATuM=",
            "last_login": null,
            "is_superuser": false,
            "username": "cont_east_water_gjbq",
            "first_name": "",
            "last_name": "",
            "email": "cont_east_water_gjbq@build.com",
            "is_staff": false,
            "is_active": true,
            "date_joined": "2026-02-07T06:18:08.181Z",
            "groups": [],
            "user_permissions": []
        }
    },
    {
        "model": "auth.user",
        "pk": 38,
        "fields": {
            "password": "pbkdf2_sha256$1000000$xxw8meQzKG3C9QRKyoLI4E$0n3vIdVdKk6Fx37YIS2LxjZDEvr2htaEqiZl5YKimEk=",
            "last_login": null,
            "is_superuser": false,
            "username": "cont_east_road_gjbq",
            "first_name": "",
            "last_name": "",
            "email": "cont_east_road_gjbq@build.com",
            "is_staff": false,
            "is_active": true,
            "date_joined": "2026-02-07T06:18:08.931Z",
            "groups": [],
            "user_permissions": []
        }
    },
    {
        "model": "auth.user",
        "pk": 39,
        "fields": {
            "password": "pbkdf2_sha256$1000000$8qrVdmyzDlonYtQro1zAnA$hK4OTwi7c82rqBBxNjp0pOfjhJVfunfsDUhiFfl3p9c=",
            "last_login": null,
            "is_superuser": false,
            "username": "cont_east_electricity_gjbq",
            "first_name": "",
            "last_name": "",
            "email": "cont_east_electricity_gjbq@build.com",
            "is_staff": false,
            "is_active": true,
            "date_joined": "2026-02-07T06:18:09.507Z",
            "groups": [],
            "user_permissions": []
        }
    },
    {
        "model": "auth.user",
        "pk": 40,
        "fields": {
            "password": "pbkdf2_sha256$1000000$Og3NwpuPQMHoUghNdmYRqP$15xEJjcnj/geH55fc1EamSGDurIGPXutU/rPNexNHmE=",
            "last_login": null,
            "is_superuser": false,
            "username": "cont_east_sanitation_gjbq",
            "first_name": "",
            "last_name": "",
            "email": "cont_east_sanitation_gjbq@build.com",
            "is_staff": false,
            "is_active": true,
            "date_joined": "2026-02-07T06:18:10.288Z",
            "groups": [],
            "user_permissions": []
        }
    },
    {
        "model": "auth.user",
        "pk": 41,
        "fields": {
            "password": "pbkdf2_sha256$1000000$rWiTjsEDVNrysMuAFgLpXt$W/oCWAjxwbGOb1mSCTItLCRJS1Ln0XAd9RqrUNyjNME=",
            "last_login": null,
            "is_superuser": false,
            "username": "cont_east_other_gjbq",
            "first_name": "",
            "last_name": "",
            "email": "cont_east_other_gjbq@build.com",
            "is_staff": false,
            "is_active": true,
            "date_joined": "2026-02-07T06:18:10.855Z",
            "groups": [],
            "user_permissions": []
        }
    },
    {
        "model": "auth.user",
        "pk": 42,
        "fields": {
            "password": "pbkdf2_sha256$1000000$FbJjS35hRyGBImhFkECa9p$tLCVkQvT2DPmBagqT54wGwi5FadwFmTbnKTX3d56/KY=",
            "last_login": null,
            "is_superuser": false,
            "username": "cont_west_water_gjbq",
            "first_name": "",
            "last_name": "",
            "email": "cont_west_water_gjbq@build.com",
            "is_staff": false,
            "is_active": true,
            "date_joined": "2026-02-07T06:18:11.662Z",
            "groups": [],
            "user_permissions": []
        }
    },
    {
        "model": "auth.user",
        "pk": 43,
        "fields": {
            "password": "pbkdf2_sha256$1000000$kIcC6AblAAMwqKalsVTTNN$pWn0rA+F431BcjRoL64aGuwm9DcfvfydlJxv44sfaE0=",
            "last_login": null,
            "is_superuser": false,
            "username": "cont_west_road_gjbq",
            "first_name": "",
            "last_name": "",
            "email": "cont_west_road_gjbq@build.com",
            "is_staff": false,
            "is_active": true,
            "date_joined": "2026-02-07T06:18:12.232Z",
            "groups": [],
            "user_permissions": []
        }
    },
    {
        "model": "auth.user",
        "pk": 44,
        "fields": {
            "password": "pbkdf2_sha256$1000000$ZvCGULhRetR8VKnzw8Y2TT$Ow+sLqstr6XrDdxOluiHofHp6aThK5HzRHwiHPMcW3g=",
            "last_login": null,
            "is_superuser": false,
            "username": "cont_west_electricity_gjbq",
            "first_name": "",
            "last_name": "",
            "email": "cont_west_electricity_gjbq@build.com",
            "is_staff": false,
            "is_active": true,
            "date_joined": "2026-02-07T06:18:12.966Z",
            "groups": [],
            "user_permissions": []
        }
    },
    {
        "model": "auth.user",
        "pk": 45,
        "fields": {
            "password": "pbkdf2_sha256$1000000$JUbTuhu5ejlpWOBRqZ0KCd$2KakUQGxQzEBSjEZFC9dWeu498GJUCxetgUUaIjHZEI=",
            "last_login": null,
            "is_superuser": false,
            "username": "cont_west_sanitation_gjbq",
            "first_name": "",
            "last_name": "",
            "email": "cont_west_sanitation_gjbq@build.com",
            "is_staff": false,
            "is_active": true,
            "date_joined": "2026-02-07T06:18:13.565Z",
            "groups": [],
            "user_permissions": []
        }
    },
    {
        "model": "auth.user",
        "pk": 46,
        "fields": {
            "password": "pbkdf2_sha256$1000000$pitxL1nKKJ9atkmVlKsV98$IiNNGzX9Nt2yUrEdWUXLMrQMQd+H81F5OLuV8VsKEWc=",
            "last_login": null,
            "is_superuser": false,
            "username": "cont_west_other_gjbq",
            "first_name": "",
            "last_name": "",
            "email": "cont_west_other_gjbq@build.com",
            "is_staff": false,
            "is_active": true,
            "date_joined": "2026-02-07T06:18:14.368Z",
            "groups": [],
            "user_permissions": []
        }
    },
    {
        "model": "auth.user",
        "pk": 47,
        "fields": {
            "password": "pbkdf2_sha256$1000000$5rjI88UdkxsipemEaFyS7A$MZyaUbQoZWYW9kGGDfjmbRl3WK6V5fb54hx1tqHv3Kc=",
            "last_login": null,
            "is_superuser": false,
            "username": "cont_central_water_gjbq",
            "first_name": "",
            "last_name": "",
            "email": "cont_central_water_gjbq@build.com",
            "is_staff": false,
            "is_active": true,
            "date_joined": "2026-02-07T06:18:15.038Z",
            "groups": [],
            "user_permissions": []
        }
    },
    {
        "model": "auth.user",
        "pk": 48,
        "fields": {
            "password": "pbkdf2_sha256$1000000$1EjDzHmWO8NIWB9ZyNhX36$Vyh895yg+umcDVor4itwIZVuMZe6jnBB/vbz0WbRY6w=",
            "last_login": null,
            "is_superuser": false,
            "username": "cont_central_road_gjbq",
            "first_name": "",
            "last_name": "",
            "email": "cont_central_road_gjbq@build.com",
            "is_staff": false,
            "is_active": true,
            "date_joined": "2026-02-07T06:18:15.775Z",
            "groups": [],
            "user_permissions": []
        }
    },
    {
        "model": "auth.user",
        "pk": 49,
        "fields": {
            "password": "pbkdf2_sha256$1000000$u9Y4mU7VU3hqKwEnStzRnX$BOOyDUkFTpTmYG46FfNCsQi096jOzBBLvQ/Jp5l9kx4=",
            "last_login": null,
            "is_superuser": false,
            "username": "cont_central_electricity_gjbq",
            "first_name": "",
            "last_name": "",
            "email": "cont_central_electricity_gjbq@build.com",
            "is_staff": false,
            "is_active": true,
            "date_joined": "2026-02-07T06:18:16.432Z",
            "groups": [],
            "user_permissions": []
        }
    },
    {
        "model": "auth.user",
        "pk": 50,
        "fields": {
            "password": "pbkdf2_sha256$1000000$DfvdpcyD3Z10MJ8J7whLnh$Eh9A5F77xD+yHN4F0H0TkdbEpvhxq/mCxprKxWDn2a8=",
            "last_login": null,
            "is_superuser": false,
            "username": "cont_central_sanitation_gjbq",
            "first_name": "",
            "last_name": "",
            "email": "cont_central_sanitation_gjbq@build.com",
            "is_staff": false,
            "is_active": true,
            "date_joined": "2026-02-07T06:18:17.106Z",
            "groups": [],
            "user_permissions": []
        }
    },
    {
        "model": "auth.user",
        "pk": 51,
        "fields": {
            "password": "pbkdf2_sha256$1000000$fNOygUKQ38PT6LRMsub2M6$n0EJJea/xVshSXh/RL6nLTo8y5xTCGCWTUC3fY+2N+E=",
            "last_login": null,
            "is_superuser": false,
            "username": "cont_central_other_gjbq",
            "first_name": "",
            "last_name": "",
            "email": "cont_central_other_gjbq@build.com",
            "is_staff": false,
            "is_active": true,
            "date_joined": "2026-02-07T06:18:17.880Z",
            "groups": [],
            "user_permissions": []
        }
    },
    {
        "model": "auth.user",
        "pk": 52,
        "fields": {
            "password": "pbkdf2_sha256$1000000$ZwqaMxrm8InxTADddQ5avP$sDc7SH4nJDtOcNop1rkAMC2MGbZ4uwENk1ToTvC80Lw=",
            "last_login": null,
            "is_superuser": false,
            "username": "pending_0_gjbq",
            "first_name": "",
            "last_name": "",
            "email": "",
            "is_staff": false,
            "is_active": true,
            "date_joined": "2026-02-07T06:18:18.662Z",
            "groups": [],
            "user_permissions": []
        }
    },
    {
        "model": "auth.user",
        "pk": 53,
        "fields": {
            "password": "pbkdf2_sha256$1000000$ECHBBw3qHAmlaQZSkpagJO$vH2NBU70ywLJgw4gpeWTrhLIFvdJy+3ud21nsJnC2Qs=",
            "last_login": null,
            "is_superuser": false,
            "username": "pending_1_gjbq",
            "first_name": "",
            "last_name": "",
            "email": "",
            "is_staff": false,
            "is_active": true,
            "date_joined": "2026-02-07T06:18:19.551Z",
            "groups": [],
            "user_permissions": []
        }
    },
    {
        "model": "auth.user",
        "pk": 54,
        "fields": {
            "password": "pbkdf2_sha256$1000000$XCLuWqOtap3ppoihrHPhsy$sOBcJC/t/uEPURPa1xBE5FqiVPE8BZjeWwWCgaJ6E/4=",
            "last_login": null,
            "is_superuser": false,
            "username": "citizen_0_gjbq",
            "first_name": "",
            "last_name": "",
            "email": "",
            "is_staff": false,
            "is_active": true,
            "date_joined": "2026-02-07T06:18:20.525Z",
            "groups": [],
            "user_permissions": []
        }
    },
    {
        "model": "auth.user",
        "pk": 55,
        "fields": {
            "password": "pbkdf2_sha256$1000000$fyuB62RLopbKMZRbCjkZfn$8yQoMdDeMUsCDbvJXX2fLki26xK5qSYZcQV0k1QwKvE=",
            "last_login": null,
            "is_superuser": false,
            "username": "citizen_1_gjbq",
            "first_name": "",
            "last_name": "",
            "email": "",
            "is_staff": false,
            "is_active": true,
            "date_joined": "2026-02-07T06:18:21.278Z",
            "groups": [],
            "user_permissions": []
        }
    },
    {
        "model": "auth.user",
        "pk": 56,
        "fields": {
            "password": "pbkdf2_sha256$1000000$1fTyLkGX4T1dFeoHKZdGdn$9r7SExr8M7ypjEQ6JBPco4nexMH7qrw+wAGLzeA33Z4=",
            "last_login": "2026-02-07T06:21:47.964Z",
            "is_superuser": false,
            "username": "citizen_2_gjbq",
            "first_name": "",
            "last_name": "",
            "email": "",
            "is_staff": false,
            "is_active": true,
            "date_joined": "2026-02-07T06:18:22.438Z",
            "groups": [],
            "user_permissions": []
        }
    },
    {
        "model": "auth.user",
        "pk": 57,
        "fields": {
            "password": "pbkdf2_sha256$1000000$ig96Jm8iVJmYFvLxCp4nMP$TjJWzD8C+BYGLv1OT0Qv0fD2Acle7jjCJkwwof1/JpU=",
            "last_login": null,
            "is_superuser": false,
            "username": "citizen_3_gjbq",
            "first_name": "",
            "last_name": "",
            "email": "",
            "is_staff": false,
            "is_active": true,
            "date_joined": "2026-02-07T06:18:23.589Z",
            "groups": [],
            "user_permissions": []
        }
    },
    {
        "model": "sites.site",
        "pk": 1,
        "fields": {
            "domain": "example.com",
            "name": "example.com"
        }
    },
    {
        "model": "complaints.complaint",
        "pk": 1,
        "fields": {
            "citizen": 2,
            "officer": null,
            "contractor": null,
            "title": "jfkad",
            "description": "flqlejfpode",
            "status": "reported",
            "location": "jnceiohvd",
            "latitude": null,
            "longitude": null,
            "pincode": null,
            "region": "central",
            "category": "sanitation",
            "proof_image": "complaint_proofs/unnamed.jpg",
            "tracking_token": "9ed7e17b-fe81-45a9-a96d-ba11492fac0d",
            "completion_image": "",
            "officer_feedback": null,
            "created_at": "2025-12-14T12:58:49.711Z",
            "updated_at": "2026-01-14T14:39:00.067Z",
            "assigned_at": null,
            "in_progress_at": null,
            "completed_at": null,
            "closed_at": null
        }
    },
    {
        "model": "complaints.complaint",
        "pk": 2,
        "fields": {
            "citizen": 2,
            "officer": 2,
            "contractor": 4,
            "title": "water issue",
            "description": "Theres a water issue in my area",
            "status": "closed",
            "location": "Kandivali West",
            "latitude": null,
            "longitude": null,
            "pincode": null,
            "region": "west",
            "category": "water",
            "proof_image": "complaint_proofs/unnamed_5keBjnk.jpg",
            "tracking_token": "99dc6728-9e3b-497b-ab2c-82fdfda0c857",
            "completion_image": "",
            "officer_feedback": null,
            "created_at": "2025-12-14T13:56:46.124Z",
            "updated_at": "2026-01-14T14:39:00.058Z",
            "assigned_at": "2025-12-14T14:03:42.827Z",
            "in_progress_at": "2025-12-14T14:04:52.172Z",
            "completed_at": "2025-12-14T14:08:12.152Z",
            "closed_at": "2025-12-15T05:30:06.408Z"
        }
    },
    {
        "model": "complaints.complaint",
        "pk": 3,
        "fields": {
            "citizen": 2,
            "officer": null,
            "contractor": null,
            "title": "regedff",
            "description": "jbjgiihu",
            "status": "reported",
            "location": "Kandivali West",
            "latitude": null,
            "longitude": null,
            "pincode": null,
            "region": "north",
            "category": "electricity",
            "proof_image": "complaint_proofs/unnamed_bYLbH3t.jpg",
            "tracking_token": "8e4de0cd-8a63-44e0-8394-65caacc1b68b",
            "completion_image": "",
            "officer_feedback": null,
            "created_at": "2025-12-15T05:37:39.897Z",
            "updated_at": "2026-01-14T14:39:00.051Z",
            "assigned_at": null,
            "in_progress_at": null,
            "completed_at": null,
            "closed_at": null
        }
    },
    {
        "model": "complaints.complaint",
        "pk": 4,
        "fields": {
            "citizen": 2,
            "officer": 2,
            "contractor": 4,
            "title": "vdfdgvdf",
            "description": "grdsggnngu",
            "status": "closed",
            "location": "Kandivali West",
            "latitude": null,
            "longitude": null,
            "pincode": null,
            "region": "west",
            "category": "sanitation",
            "proof_image": "complaint_proofs/unnamed_CtrSQY9.jpg",
            "tracking_token": "d1782ea6-36b1-4cd8-867f-b12d6c08c5d9",
            "completion_image": "complaint_proofs/Gemini_Generated_Image_hhcvjqhhcvjqhhcv.png",
            "officer_feedback": "",
            "created_at": "2025-12-15T05:39:24.253Z",
            "updated_at": "2026-02-05T04:47:06.554Z",
            "assigned_at": "2025-12-15T05:40:02.345Z",
            "in_progress_at": "2025-12-15T05:40:27.799Z",
            "completed_at": "2025-12-15T10:11:19Z",
            "closed_at": "2025-12-15T10:12:10Z"
        }
    },
    {
        "model": "complaints.complaint",
        "pk": 5,
        "fields": {
            "citizen": 2,
            "officer": 2,
            "contractor": null,
            "title": "jdhsad",
            "description": "water issue",
            "status": "assigned",
            "location": "hfudsyf",
            "latitude": null,
            "longitude": null,
            "pincode": null,
            "region": "west",
            "category": "water",
            "proof_image": "complaint_proofs/unnamed_igcLuoR.jpg",
            "tracking_token": "bb72c45c-eb23-4f41-9a7b-133a1a13cc58",
            "completion_image": "",
            "officer_feedback": null,
            "created_at": "2025-12-15T10:49:44.552Z",
            "updated_at": "2026-01-14T14:39:00.033Z",
            "assigned_at": "2025-12-15T10:51:08.797Z",
            "in_progress_at": null,
            "completed_at": null,
            "closed_at": null
        }
    },
    {
        "model": "complaints.complaint",
        "pk": 6,
        "fields": {
            "citizen": 2,
            "officer": 2,
            "contractor": 4,
            "title": "jgrkslg",
            "description": "foiaedsfs",
            "status": "closed",
            "location": "hfodsif",
            "latitude": null,
            "longitude": null,
            "pincode": null,
            "region": "west",
            "category": "electricity",
            "proof_image": "complaint_proofs/unnamed_1w70Zza.jpg",
            "tracking_token": "6c860fa1-b251-4735-af79-ccbb85e99728",
            "completion_image": "",
            "officer_feedback": null,
            "created_at": "2025-12-15T10:52:27.886Z",
            "updated_at": "2026-01-14T14:39:00.023Z",
            "assigned_at": "2025-12-15T10:55:49.700Z",
            "in_progress_at": "2025-12-15T10:56:39.375Z",
            "completed_at": "2025-12-15T10:58:09.831Z",
            "closed_at": "2025-12-15T11:00:22.127Z"
        }
    },
    {
        "model": "complaints.complaint",
        "pk": 7,
        "fields": {
            "citizen": 2,
            "officer": null,
            "contractor": null,
            "title": "kjfewpofioew",
            "description": "flkjqpeofjjqpd",
            "status": "reported",
            "location": "",
            "latitude": 19.051993279414226,
            "longitude": 72.85550885787109,
            "pincode": null,
            "region": "Unassigned",
            "category": "electricity",
            "proof_image": "",
            "tracking_token": "17a0cf3a-64b3-4ed3-a0a5-857aa4c599ca",
            "completion_image": "",
            "officer_feedback": null,
            "created_at": "2026-01-14T08:48:32.394Z",
            "updated_at": "2026-01-14T14:39:00.014Z",
            "assigned_at": null,
            "in_progress_at": null,
            "completed_at": null,
            "closed_at": null
        }
    },
    {
        "model": "complaints.complaint",
        "pk": 8,
        "fields": {
            "citizen": 2,
            "officer": null,
            "contractor": null,
            "title": "kjfewpofioew",
            "description": "flkjqpeofjjqpd",
            "status": "reported",
            "location": "",
            "latitude": 19.051993279414226,
            "longitude": 72.85550885787109,
            "pincode": null,
            "region": "Unassigned",
            "category": "electricity",
            "proof_image": "",
            "tracking_token": "b0a45b56-57a1-4de6-9693-9a0aafab023d",
            "completion_image": "",
            "officer_feedback": null,
            "created_at": "2026-01-14T08:49:17.813Z",
            "updated_at": "2026-01-14T14:39:00.002Z",
            "assigned_at": null,
            "in_progress_at": null,
            "completed_at": null,
            "closed_at": null
        }
    },
    {
        "model": "complaints.complaint",
        "pk": 9,
        "fields": {
            "citizen": 2,
            "officer": null,
            "contractor": null,
            "title": "water",
            "description": "water issue",
            "status": "reported",
            "location": "",
            "latitude": 19.110071546099633,
            "longitude": 72.91382798624028,
            "pincode": null,
            "region": "Unassigned",
            "category": "road",
            "proof_image": "complaint_proofs/Screenshot_2025-11-05_131702_RsE8FGF.png",
            "tracking_token": "ea5f58a5-aea6-4dd6-86a4-5b52937f2761",
            "completion_image": "",
            "officer_feedback": null,
            "created_at": "2026-01-14T08:50:12.749Z",
            "updated_at": "2026-01-14T14:38:59.992Z",
            "assigned_at": null,
            "in_progress_at": null,
            "completed_at": null,
            "closed_at": null
        }
    },
    {
        "model": "complaints.complaint",
        "pk": 10,
        "fields": {
            "citizen": 2,
            "officer": null,
            "contractor": null,
            "title": "lightbulb",
            "description": "its broken",
            "status": "reported",
            "location": "",
            "latitude": 19.056341741233748,
            "longitude": 72.8335534213086,
            "pincode": null,
            "region": "Unassigned",
            "category": "electricity",
            "proof_image": "complaint_proofs/Screenshot_2025-11-09_105753.png",
            "tracking_token": "0c68f5fc-7525-46ba-8aec-94be2a6cb734",
            "completion_image": "",
            "officer_feedback": null,
            "created_at": "2026-01-14T08:51:15.115Z",
            "updated_at": "2026-01-14T14:38:59.981Z",
            "assigned_at": null,
            "in_progress_at": null,
            "completed_at": null,
            "closed_at": null
        }
    },
    {
        "model": "complaints.complaint",
        "pk": 11,
        "fields": {
            "citizen": 2,
            "officer": null,
            "contractor": null,
            "title": "lighbulb",
            "description": "brokcet",
            "status": "reported",
            "location": null,
            "latitude": 19.232917660448255,
            "longitude": 72.8262640353998,
            "pincode": "",
            "region": "Unassigned",
            "category": "electricity",
            "proof_image": "complaint_proofs/Screenshot_2025-11-05_215426_xqylI0l.png",
            "tracking_token": "c30e6b22-f651-4a3b-8732-393ab8ca5c60",
            "completion_image": "",
            "officer_feedback": null,
            "created_at": "2026-01-14T09:11:29.716Z",
            "updated_at": "2026-01-14T14:38:59.972Z",
            "assigned_at": null,
            "in_progress_at": null,
            "completed_at": null,
            "closed_at": null
        }
    },
    {
        "model": "complaints.complaint",
        "pk": 12,
        "fields": {
            "citizen": 2,
            "officer": null,
            "contractor": null,
            "title": "l;wfdliopqe",
            "description": "fqelkufpqeredjhfosd",
            "status": "reported",
            "location": null,
            "latitude": 19.056666251362643,
            "longitude": 72.82978009970702,
            "pincode": "",
            "region": "Unassigned",
            "category": "sanitation",
            "proof_image": "complaint_proofs/Screenshot_2025-11-05_215426_6pAMkBe.png",
            "tracking_token": "ae7e2dd8-edea-4ac1-8c54-ca0cd1baa561",
            "completion_image": "",
            "officer_feedback": null,
            "created_at": "2026-01-14T09:12:00.910Z",
            "updated_at": "2026-01-14T14:38:59.962Z",
            "assigned_at": null,
            "in_progress_at": null,
            "completed_at": null,
            "closed_at": null
        }
    },
    {
        "model": "complaints.complaint",
        "pk": 13,
        "fields": {
            "citizen": 2,
            "officer": null,
            "contractor": null,
            "title": "lirusovisrlg",
            "description": "fkljjwigjrlgow",
            "status": "reported",
            "location": "",
            "latitude": 19.065297921359225,
            "longitude": 72.86374214658204,
            "pincode": "",
            "region": "central",
            "category": "road",
            "proof_image": "complaint_proofs/Screenshot_2025-11-05_215836_9XaAgiH.png",
            "tracking_token": "bb304215-92b9-4a1c-91e6-1cafbb5b74cf",
            "completion_image": "",
            "officer_feedback": null,
            "created_at": "2026-01-14T09:20:13.473Z",
            "updated_at": "2026-01-14T14:38:59.950Z",
            "assigned_at": null,
            "in_progress_at": null,
            "completed_at": null,
            "closed_at": null
        }
    },
    {
        "model": "complaints.complaint",
        "pk": 14,
        "fields": {
            "citizen": 2,
            "officer": null,
            "contractor": null,
            "title": "water",
            "description": "dl;w[dk'e;sl",
            "status": "reported",
            "location": "",
            "latitude": 19.2072821,
            "longitude": 72.8386987,
            "pincode": "",
            "region": "central",
            "category": "sanitation",
            "proof_image": "complaint_proofs/Screenshot_2025-11-05_215426_ZtLPy30.png",
            "tracking_token": "add627b4-e201-4886-89d1-d694191368c3",
            "completion_image": "",
            "officer_feedback": null,
            "created_at": "2026-01-14T09:21:30.654Z",
            "updated_at": "2026-01-14T14:38:59.937Z",
            "assigned_at": null,
            "in_progress_at": null,
            "completed_at": null,
            "closed_at": null
        }
    },
    {
        "model": "complaints.complaint",
        "pk": 15,
        "fields": {
            "citizen": 2,
            "officer": null,
            "contractor": null,
            "title": "pothole",
            "description": "fklkaef fajhoief",
            "status": "reported",
            "location": "",
            "latitude": 19.062831773658,
            "longitude": 72.85259169069333,
            "pincode": "",
            "region": "central",
            "category": "road",
            "proof_image": "complaint_proofs/Screenshot_2025-11-05_215836_mhlflGD.png",
            "tracking_token": "7fd6b7da-6d76-4bf7-b56e-f39a6811cce3",
            "completion_image": "",
            "officer_feedback": null,
            "created_at": "2026-01-14T09:25:38.987Z",
            "updated_at": "2026-01-14T14:38:59.928Z",
            "assigned_at": null,
            "in_progress_at": null,
            "completed_at": null,
            "closed_at": null
        }
    },
    {
        "model": "complaints.complaint",
        "pk": 16,
        "fields": {
            "citizen": 2,
            "officer": 4,
            "contractor": 2,
            "title": "light bill",
            "description": "every expensive",
            "status": "in_progress",
            "location": "Our Lady of Assumption Church, Mahatma Gandhi Road, Renuka Nagar, Kandivali West, R/S Ward, Zone 4, Mumbai, Mumbai Suburban, Maharashtra, 400067, India",
            "latitude": 19.2072821,
            "longitude": 72.8386987,
            "pincode": "400067",
            "region": "north",
            "category": "electricity",
            "proof_image": "complaint_proofs/Screenshot_2025-11-05_142417_FhWaUiN.png",
            "tracking_token": "211b8da1-d18a-46e1-89f5-fe8cbac2eeaa",
            "completion_image": "",
            "officer_feedback": null,
            "created_at": "2026-01-14T09:35:21.291Z",
            "updated_at": "2026-01-14T14:38:59.919Z",
            "assigned_at": "2026-01-14T09:38:08.757Z",
            "in_progress_at": "2026-01-14T09:38:38.083Z",
            "completed_at": null,
            "closed_at": null
        }
    },
    {
        "model": "complaints.complaint",
        "pk": 17,
        "fields": {
            "citizen": 2,
            "officer": 2,
            "contractor": 4,
            "title": "water water",
            "description": "water water",
            "status": "completed",
            "location": "A.R. Mens Wear, St. Dominic Road, Linking Road Shopping area, Khar, Bandra West, Zone 3, Mumbai, Mumbai Suburban, Maharashtra, 400052, India",
            "latitude": 19.065817107238136,
            "longitude": 72.83684318111301,
            "pincode": "400052",
            "region": "west",
            "category": "water",
            "proof_image": "complaint_proofs/Screenshot_2025-11-09_105753_8f4lVKW.png",
            "tracking_token": "9f5cc2fe-ba00-42b4-a0f0-cdb0bf1ec6e5",
            "completion_image": "complaint_proofs/ChatGPT_Image_Jan_26_2026_09_57_22_PM.png",
            "officer_feedback": null,
            "created_at": "2026-01-14T15:08:41.355Z",
            "updated_at": "2026-01-28T15:40:28.872Z",
            "assigned_at": "2026-01-28T15:18:34.325Z",
            "in_progress_at": "2026-01-28T15:18:57.229Z",
            "completed_at": "2026-01-28T15:40:28.860Z",
            "closed_at": null
        }
    },
    {
        "model": "complaints.complaint",
        "pk": 18,
        "fields": {
            "citizen": 5,
            "officer": 5,
            "contractor": 5,
            "title": "Water issue",
            "description": "water leakage",
            "status": "in_progress",
            "location": "Charkop Sector 4 & 7, Gorai, R/C Ward, Zone 4, Mumbai Suburban, Maharashtra, 900092, India",
            "latitude": 19.22224043568239,
            "longitude": 72.83133894507353,
            "pincode": "900092",
            "region": "central",
            "category": "water",
            "proof_image": "complaint_proofs/ChatGPT_Image_Jan_26_2026_09_57_22_PM_MoX83eG.png",
            "tracking_token": "9b0e80d5-5949-47e0-ae11-fcec64ab23b3",
            "completion_image": "",
            "officer_feedback": "",
            "created_at": "2026-01-31T07:00:09.148Z",
            "updated_at": "2026-02-06T17:47:11.801Z",
            "assigned_at": "2026-02-06T17:22:54.074Z",
            "in_progress_at": "2026-02-06T17:38:02.608Z",
            "completed_at": null,
            "closed_at": null
        }
    },
    {
        "model": "complaints.complaint",
        "pk": 19,
        "fields": {
            "citizen": 5,
            "officer": 5,
            "contractor": 5,
            "title": "road",
            "description": "road issue",
            "status": "in_progress",
            "location": "D G Ruparel College of Arts, Science and Commerce, Bal Govind Das Road, Dadar West, G/N Ward, Zone 2, Mumbai City, Maharashtra, 400014, India",
            "latitude": 19.0270682,
            "longitude": 72.8450955,
            "pincode": "400014",
            "region": "central",
            "category": "road",
            "proof_image": "complaint_proofs/ChatGPT_Image_Jan_26_2026_09_29_30_PM.png",
            "tracking_token": "6b5387f1-fdab-4787-95f5-044a7a419c9c",
            "completion_image": "",
            "officer_feedback": null,
            "created_at": "2026-01-31T07:08:48.056Z",
            "updated_at": "2026-02-06T15:45:25.181Z",
            "assigned_at": "2026-02-06T14:40:11.447Z",
            "in_progress_at": "2026-02-06T15:45:25.180Z",
            "completed_at": null,
            "closed_at": null
        }
    },
    {
        "model": "complaints.complaint",
        "pk": 20,
        "fields": {
            "citizen": 5,
            "officer": 2,
            "contractor": 4,
            "title": "elec",
            "description": "pole not working",
            "status": "closed",
            "location": "Andheri Station (W), Swami Vivekanand Road, Gaondevi Dongri, Andheri West, K/W Ward, Zone 3, Mumbai, Mumbai Suburban, Maharashtra, 400058, India",
            "latitude": 19.1196807,
            "longitude": 72.8455541,
            "pincode": "400058",
            "region": "west",
            "category": "electricity",
            "proof_image": "complaint_proofs/ChatGPT_Image_Jan_26_2026_09_29_30_PM_1xicqu8.png",
            "tracking_token": "0ed2504a-9603-4267-bcc9-4100c632afc4",
            "completion_image": "complaint_proofs/2nd_Year_Affidivait.jpeg",
            "officer_feedback": "",
            "created_at": "2026-01-31T07:10:10.833Z",
            "updated_at": "2026-01-31T07:37:01.516Z",
            "assigned_at": "2026-01-31T07:12:24.992Z",
            "in_progress_at": "2026-01-31T07:17:44.634Z",
            "completed_at": "2026-01-31T07:34:08Z",
            "closed_at": "2026-01-31T07:37:01.515Z"
        }
    },
    {
        "model": "complaints.complaint",
        "pk": 21,
        "fields": {
            "citizen": 5,
            "officer": 5,
            "contractor": 5,
            "title": "Broken Streetlight",
            "description": "the road is cracked",
            "status": "in_progress",
            "location": "D G Ruparel College of Arts, Science and Commerce, Bal Govind Das Road, Dadar West, G/N Ward, Zone 2, Mumbai City, Maharashtra, 400014, India",
            "latitude": 19.025709,
            "longitude": 72.844414,
            "pincode": "400014",
            "region": "central",
            "category": "road",
            "proof_image": "",
            "tracking_token": "31308bfa-871e-467e-8ad6-76dcfc7a4016",
            "completion_image": "complaint_proofs/WhatsApp_Image_2026-02-05_at_2.42.44_PM.jpeg",
            "officer_feedback": "",
            "created_at": "2026-02-06T05:54:20.984Z",
            "updated_at": "2026-02-06T17:19:26.052Z",
            "assigned_at": "2026-02-06T14:40:07.051Z",
            "in_progress_at": "2026-02-06T17:19:26.049Z",
            "completed_at": null,
            "closed_at": null
        }
    },
    {
        "model": "complaints.complaint",
        "pk": 22,
        "fields": {
            "citizen": 5,
            "officer": null,
            "contractor": null,
            "title": "cdcwdcc",
            "description": "ckjhcefsevhfjc",
            "status": "reported",
            "location": "D G Ruparel College of Arts, Science and Commerce, Senapati Bapat Marg, Telephone Colony, Matunga West, G/N Ward, Zone 2, Mumbai City, Maharashtra, 400016, India",
            "latitude": 19.025709,
            "longitude": 72.844414,
            "pincode": "400016",
            "region": "central",
            "category": "water",
            "proof_image": "complaint_proofs/WhatsApp_Image_2026-02-05_at_2.41.56_PM.jpeg",
            "tracking_token": "2042cdfe-e2dd-4116-9332-19cf1aa6c5af",
            "completion_image": "",
            "officer_feedback": null,
            "created_at": "2026-02-06T06:10:08.791Z",
            "updated_at": "2026-02-06T06:10:08.791Z",
            "assigned_at": null,
            "in_progress_at": null,
            "completed_at": null,
            "closed_at": null
        }
    },
    {
        "model": "complaints.complaint",
        "pk": 23,
        "fields": {
            "citizen": 5,
            "officer": 5,
            "contractor": 5,
            "title": "water",
            "description": "the pipline is leaking",
            "status": "closed",
            "location": "Dr Madhukar B. Raut Marg, Shivaji Park, Dadar West, G/N Ward, Zone 2, Mumbai City, Maharashtra, 400016, India",
            "latitude": 19.026520837059913,
            "longitude": 72.84019118440764,
            "pincode": "400016",
            "region": "central",
            "category": "water",
            "proof_image": "complaint_proofs/Screenshot_2025-11-09_112548_HWZ366D.png",
            "tracking_token": "c4628abb-116a-42c5-a94e-bf4c8dcad75e",
            "completion_image": "complaint_proofs/Screenshot_2025-11-09_113953_S25rn7E.png",
            "officer_feedback": null,
            "created_at": "2026-02-06T06:12:20.108Z",
            "updated_at": "2026-02-14T09:18:20.705Z",
            "assigned_at": null,
            "in_progress_at": "2026-02-06T17:47:37.523Z",
            "completed_at": "2026-02-14T09:09:02.141Z",
            "closed_at": "2026-02-14T09:18:20.705Z"
        }
    },
    {
        "model": "complaints.complaint",
        "pk": 24,
        "fields": {
            "citizen": 5,
            "officer": 5,
            "contractor": 5,
            "title": "hello there",
            "description": "efejckrfje",
            "status": "reported",
            "location": "PUSTAK CAFE, 32, Bal Govind Das Road, Dadar West, G/N Ward, Zone 2, Mumbai City, Maharashtra, 400016, India",
            "latitude": 19.025460642201836,
            "longitude": 72.84469483082569,
            "pincode": "400016",
            "region": "central",
            "category": "road",
            "proof_image": "complaint_proofs/Screenshot_2025-11-09_113056.png",
            "tracking_token": "604a4f06-7c7d-4b53-b334-d44e3734373b",
            "completion_image": "",
            "officer_feedback": "",
            "created_at": "2026-02-06T06:40:47.233Z",
            "updated_at": "2026-02-06T13:44:00.337Z",
            "assigned_at": null,
            "in_progress_at": null,
            "completed_at": null,
            "closed_at": null
        }
    },
    {
        "model": "complaints.complaint",
        "pk": 25,
        "fields": {
            "citizen": 5,
            "officer": 5,
            "contractor": 5,
            "title": "fsdfd",
            "description": "fwrgafga",
            "status": "completed",
            "location": "PUSTAK CAFE, 32, Bal Govind Das Road, Dadar West, G/N Ward, Zone 2, Mumbai City, Maharashtra, 400016, India",
            "latitude": 19.025460642201836,
            "longitude": 72.84469483082569,
            "pincode": "400016",
            "region": "central",
            "category": "road",
            "proof_image": "complaint_proofs/Screenshot_2025-11-11_150442.png",
            "tracking_token": "ea7c5886-a6c5-438f-8bf3-3352103a1350",
            "completion_image": "complaint_proofs/Screenshot_2025-11-11_204734.png",
            "officer_feedback": null,
            "created_at": "2026-02-06T06:44:22.708Z",
            "updated_at": "2026-02-06T18:45:49.506Z",
            "assigned_at": null,
            "in_progress_at": "2026-02-06T18:12:04.676Z",
            "completed_at": "2026-02-06T18:45:49.499Z",
            "closed_at": null
        }
    },
    {
        "model": "complaints.complaint",
        "pk": 26,
        "fields": {
            "citizen": 7,
            "officer": null,
            "contractor": null,
            "title": "Open Manhole (gjbq)",
            "description": "Dangerous open manhole in the middle of the street.",
            "status": "reported",
            "location": "Central Ave, Block B",
            "latitude": null,
            "longitude": null,
            "pincode": null,
            "region": "central",
            "category": "sanitation",
            "proof_image": "",
            "tracking_token": "aad416a0-b165-409b-a3de-3ca140a6b453",
            "completion_image": "",
            "officer_feedback": null,
            "created_at": "2026-02-07T06:18:24.664Z",
            "updated_at": "2026-02-07T06:18:24.664Z",
            "assigned_at": null,
            "in_progress_at": null,
            "completed_at": null,
            "closed_at": null
        }
    },
    {
        "model": "complaints.complaint",
        "pk": 27,
        "fields": {
            "citizen": 8,
            "officer": 6,
            "contractor": 9,
            "title": "Streetlight Outage (gjbq)",
            "description": "Whole street is dark.",
            "status": "assigned",
            "location": "Sector 7",
            "latitude": null,
            "longitude": null,
            "pincode": null,
            "region": "north",
            "category": "electricity",
            "proof_image": "",
            "tracking_token": "b71d0045-c5ca-4376-8a3a-8c25be73bd5e",
            "completion_image": "",
            "officer_feedback": null,
            "created_at": "2026-02-07T06:18:24.666Z",
            "updated_at": "2026-02-07T06:18:24.666Z",
            "assigned_at": "2026-02-07T06:18:24.666Z",
            "in_progress_at": null,
            "completed_at": null,
            "closed_at": null
        }
    },
    {
        "model": "complaints.complaint",
        "pk": 28,
        "fields": {
            "citizen": 7,
            "officer": 10,
            "contractor": 28,
            "title": "Bad Pothole Fix (gjbq)",
            "description": "Pothole reappeared after rain.",
            "status": "in_progress",
            "location": "Main Market",
            "latitude": null,
            "longitude": null,
            "pincode": null,
            "region": "central",
            "category": "road",
            "proof_image": "",
            "tracking_token": "6442b747-2a16-4770-b891-e223d9851a28",
            "completion_image": "",
            "officer_feedback": "Material washed away immediately. Please redo with concrete mix.",
            "created_at": "2026-02-07T06:18:24.673Z",
            "updated_at": "2026-02-07T06:18:24.673Z",
            "assigned_at": "2026-02-07T06:18:24.672Z",
            "in_progress_at": "2026-02-07T06:18:24.672Z",
            "completed_at": null,
            "closed_at": null
        }
    },
    {
        "model": "complaints.complaint",
        "pk": 29,
        "fields": {
            "citizen": 9,
            "officer": 8,
            "contractor": 17,
            "title": "Pipeline Leak (gjbq)",
            "description": "Fixed the leakage near the mall.",
            "status": "completed",
            "location": "East Side Mall",
            "latitude": null,
            "longitude": null,
            "pincode": null,
            "region": "east",
            "category": "water",
            "proof_image": "",
            "tracking_token": "4be972d2-fa71-45ac-893e-995f2855a74d",
            "completion_image": "",
            "officer_feedback": null,
            "created_at": "2026-02-07T06:18:24.673Z",
            "updated_at": "2026-02-07T06:18:24.673Z",
            "assigned_at": "2026-02-07T06:18:24.673Z",
            "in_progress_at": "2026-02-07T06:18:24.673Z",
            "completed_at": "2026-02-07T06:18:24.673Z",
            "closed_at": null
        }
    },
    {
        "model": "complaints.complaint",
        "pk": 30,
        "fields": {
            "citizen": 9,
            "officer": null,
            "contractor": null,
            "title": "Broken Streetlight",
            "description": "the streetlight fell down last night",
            "status": "reported",
            "location": "D G Ruparel College of Arts, Science and Commerce, Bal Govind Das Road, Dadar West, G/N Ward, Zone 2, Mumbai City, Maharashtra, 400014, India",
            "latitude": 19.026074557841326,
            "longitude": 72.84478437764096,
            "pincode": "400014",
            "region": "central",
            "category": "electricity",
            "proof_image": "complaint_proofs/Screenshot_2025-11-09_112548_fCa8rup.png",
            "tracking_token": "e4376d0d-c325-4dea-b390-c05e6e47b4a3",
            "completion_image": "",
            "officer_feedback": null,
            "created_at": "2026-02-07T06:23:52.284Z",
            "updated_at": "2026-02-07T06:23:52.284Z",
            "assigned_at": null,
            "in_progress_at": null,
            "completed_at": null,
            "closed_at": null
        }
    },
    {
        "model": "complaints.complaint",
        "pk": 31,
        "fields": {
            "citizen": 5,
            "officer": 5,
            "contractor": 29,
            "title": "broken streetlight",
            "description": "the streetligh broke last night",
            "status": "in_progress",
            "location": "D G Ruparel College of Arts, Science and Commerce, Bal Govind Das Road, Dadar West, G/N Ward, Zone 2, Mumbai City, Maharashtra, 400014, India",
            "latitude": 19.025935,
            "longitude": 72.844429,
            "pincode": "400014",
            "region": "central",
            "category": "electricity",
            "proof_image": "",
            "tracking_token": "e42ebcb9-f914-4cef-93f1-892664b1e60c",
            "completion_image": "",
            "officer_feedback": null,
            "created_at": "2026-02-07T06:33:03.255Z",
            "updated_at": "2026-02-07T06:36:24.919Z",
            "assigned_at": "2026-02-07T06:34:56.778Z",
            "in_progress_at": "2026-02-07T06:36:13.802Z",
            "completed_at": null,
            "closed_at": null
        }
    },
    {
        "model": "complaints.complaint",
        "pk": 32,
        "fields": {
            "citizen": 5,
            "officer": 5,
            "contractor": 5,
            "title": "water issue",
            "description": "the water pump broke out",
            "status": "in_progress",
            "location": "Charkop Sector 4 & 7, Gorai, R/C Ward, Mumbai Zone 4, Mumbai Suburban District, Maharashtra, 900092, India",
            "latitude": 19.222250392001563,
            "longitude": 72.83092233985924,
            "pincode": "900092",
            "region": "central",
            "category": "water",
            "proof_image": "",
            "tracking_token": "2e26599b-f01c-48ad-ae78-02d606c9a961",
            "completion_image": "complaint_proofs/Screenshot_2025-11-09_113953_4M7noHr.png",
            "officer_feedback": "workk nor properly done",
            "created_at": "2026-02-14T08:15:14.740Z",
            "updated_at": "2026-02-14T09:19:14.296Z",
            "assigned_at": "2026-02-14T08:56:03.453Z",
            "in_progress_at": "2026-02-14T09:19:14.296Z",
            "completed_at": null,
            "closed_at": null
        }
    },
    {
        "model": "complaints.complaint",
        "pk": 33,
        "fields": {
            "citizen": 5,
            "officer": null,
            "contractor": null,
            "title": "gfdvzdfv",
            "description": "flkrwkflgwr",
            "status": "reported",
            "location": "Charkop Sector 4 & 7, Gorai, R/C Ward, Mumbai Zone 4, Mumbai Suburban District, Maharashtra, 900092, India",
            "latitude": 19.222322006808817,
            "longitude": 72.83131598512254,
            "pincode": "900092",
            "region": "central",
            "category": "water",
            "proof_image": "complaint_proofs/01_gettyimages-91536913_resized.jpg",
            "tracking_token": "6c84a257-5fdb-41a4-9db4-f08ba45357f1",
            "completion_image": "",
            "officer_feedback": null,
            "created_at": "2026-02-14T08:23:11.527Z",
            "updated_at": "2026-02-14T08:23:11.527Z",
            "assigned_at": null,
            "in_progress_at": null,
            "completed_at": null,
            "closed_at": null
        }
    },
    {
        "model": "complaints.complaint",
        "pk": 34,
        "fields": {
            "citizen": 5,
            "officer": 5,
            "contractor": null,
            "title": "wkdmf",
            "description": "jfw vt2erijipwq",
            "status": "assigned",
            "location": "Charkop Sector 4 & 7, Gorai, R/C Ward, Mumbai Zone 4, Mumbai Suburban District, Maharashtra, 400067, India",
            "latitude": 19.222322006808817,
            "longitude": 72.83131598512254,
            "pincode": "900092",
            "region": "central",
            "category": "road",
            "proof_image": "complaint_proofs/01_gettyimages-91536913_resized_Rhayark.jpg",
            "tracking_token": "f005a9a1-cdd0-4c82-9ffa-807e235de753",
            "completion_image": "",
            "officer_feedback": "",
            "created_at": "2026-02-14T08:25:21.063Z",
            "updated_at": "2026-02-14T08:54:10.850Z",
            "assigned_at": "2026-02-14T08:54:10.849Z",
            "in_progress_at": null,
            "completed_at": null,
            "closed_at": null
        }
    },
    {
        "model": "complaints.complaint",
        "pk": 35,
        "fields": {
            "citizen": 5,
            "officer": null,
            "contractor": null,
            "title": "kjdsc d",
            "description": "ckejfimewfj",
            "status": "reported",
            "location": "1st Road, Prabhat Colony, Golibar, H/E Ward, Mumbai Zone 3, Mumbai, Mumbai Suburban District, Maharashtra, 400054, India",
            "latitude": 19.086064013629763,
            "longitude": 72.84281392630571,
            "pincode": "400054",
            "region": "west",
            "category": "road",
            "proof_image": "complaint_proofs/Screenshot_2025-11-05_132139.png",
            "tracking_token": "239f8a8d-fb66-46de-84ed-7bda2db1f09a",
            "completion_image": "",
            "officer_feedback": null,
            "created_at": "2026-02-14T08:50:26.692Z",
            "updated_at": "2026-02-14T08:50:26.692Z",
            "assigned_at": null,
            "in_progress_at": null,
            "completed_at": null,
            "closed_at": null
        }
    },
    {
        "model": "complaints.complaint",
        "pk": 36,
        "fields": {
            "citizen": 5,
            "officer": null,
            "contractor": null,
            "title": "water pipeline",
            "description": "the water pipeline is leaking",
            "status": "reported",
            "location": "D G Ruparel College of Arts, Science and Commerce, Bal Govind Das Road, Shivaji Park, Dadar West, G/N Ward, Mumbai Zone 2, Mumbai City District, Maharashtra, 400014, India",
            "latitude": 19.0270682,
            "longitude": 72.8450955,
            "pincode": "400014",
            "region": "central",
            "category": "water",
            "proof_image": "complaint_proofs/01_gettyimages-91536913_resized_2g8QJag.jpg",
            "tracking_token": "764d9a3a-a9ea-4902-bf4f-2cf051dcdff7",
            "completion_image": "",
            "officer_feedback": null,
            "created_at": "2026-02-14T09:31:37.940Z",
            "updated_at": "2026-02-14T09:31:37.940Z",
            "assigned_at": null,
            "in_progress_at": null,
            "completed_at": null,
            "closed_at": null
        }
    },
    {
        "model": "users.citizen",
        "pk": 1,
        "fields": {
            "user": [
                "testuser"
            ],
            "name": "test user",
            "phone": "4736527482",
            "address": "this is my address.",
            "region": "west",
            "is_registered": true,
            "profile_pic": "",
            "created_at": "2025-12-11T14:52:16.713Z",
            "updated_at": "2025-12-11T14:52:16.713Z"
        }
    },
    {
        "model": "users.citizen",
        "pk": 2,
        "fields": {
            "user": [
                "citizen1"
            ],
            "name": "John Doe",
            "phone": "4983580450",
            "address": "123 Main St",
            "region": "north",
            "is_registered": true,
            "profile_pic": "",
            "created_at": "2025-12-14T10:53:20.155Z",
            "updated_at": "2025-12-14T10:53:20.155Z"
        }
    },
    {
        "model": "users.citizen",
        "pk": 3,
        "fields": {
            "user": [
                "citizen2"
            ],
            "name": "Mark Zac",
            "phone": "9832983743",
            "address": "mark avenew street",
            "region": "north",
            "is_registered": true,
            "profile_pic": "",
            "created_at": "2025-12-14T11:07:24.837Z",
            "updated_at": "2025-12-14T11:07:24.837Z"
        }
    },
    {
        "model": "users.citizen",
        "pk": 4,
        "fields": {
            "user": [
                "kkkk"
            ],
            "name": "kjjxskdj",
            "phone": "1234567899",
            "address": "ajccaschlhcshcca",
            "region": "north",
            "is_registered": true,
            "profile_pic": "",
            "created_at": "2025-12-14T13:22:52.696Z",
            "updated_at": "2025-12-14T13:22:52.696Z"
        }
    },
    {
        "model": "users.citizen",
        "pk": 5,
        "fields": {
            "user": [
                "sakshi"
            ],
            "name": "Sakshi Sawant",
            "phone": "6356564743",
            "address": "712/C-7, Shanti Niwas society, Sector - 7,Priyadarshini Vidyalaya Marg, Charkop, Kandivali West ,Near Priyadarshini School,Mumbai,400067",
            "region": "north",
            "is_registered": true,
            "profile_pic": "profile_pics/Gemini_Generated_Image_dau8dedau8dedau8.png",
            "created_at": "2026-01-31T06:58:52.217Z",
            "updated_at": "2026-02-14T09:32:13.581Z"
        }
    },
    {
        "model": "users.citizen",
        "pk": 6,
        "fields": {
            "user": [
                "saku2"
            ],
            "name": "Sakshi Sawant",
            "phone": "9324328942",
            "address": "712/C-7, Shanti Niwas CHS, Sector - 7,Priyadarshini Vidyalaya Marg, Charkop, Kandivali West ,Near Priyadarshini School,Mumbai,400067",
            "region": "south",
            "is_registered": true,
            "profile_pic": "",
            "created_at": "2026-02-05T15:27:50.820Z",
            "updated_at": "2026-02-05T15:27:50.820Z"
        }
    },
    {
        "model": "users.citizen",
        "pk": 7,
        "fields": {
            "user": [
                "citizen_0_gjbq"
            ],
            "name": "Cathy Adams (gjbq)",
            "phone": "4946004881",
            "address": "79951 Sparks Landing Apt. 434\nWest Stacy, WV 15966",
            "region": "north",
            "is_registered": true,
            "profile_pic": "",
            "created_at": "2026-02-07T06:18:21.277Z",
            "updated_at": "2026-02-07T06:18:21.278Z"
        }
    },
    {
        "model": "users.citizen",
        "pk": 8,
        "fields": {
            "user": [
                "citizen_1_gjbq"
            ],
            "name": "Sherry Russell (gjbq)",
            "phone": "0570338845",
            "address": "055 Jessica Isle Suite 671\nRichardbury, MP 78371",
            "region": "north",
            "is_registered": true,
            "profile_pic": "",
            "created_at": "2026-02-07T06:18:22.438Z",
            "updated_at": "2026-02-07T06:18:22.438Z"
        }
    },
    {
        "model": "users.citizen",
        "pk": 9,
        "fields": {
            "user": [
                "citizen_2_gjbq"
            ],
            "name": "Sara Sellers (gjbq)",
            "phone": "0914029995",
            "address": "41559 Guerra Ranch\nPort Calebmouth, CA 23465",
            "region": "central",
            "is_registered": true,
            "profile_pic": "",
            "created_at": "2026-02-07T06:18:23.589Z",
            "updated_at": "2026-02-07T06:18:23.589Z"
        }
    },
    {
        "model": "users.citizen",
        "pk": 10,
        "fields": {
            "user": [
                "citizen_3_gjbq"
            ],
            "name": "Jeremy Mitchell (gjbq)",
            "phone": "3151633383",
            "address": "39485 Flores Mall Suite 678\nRobinsonchester, AZ 87303",
            "region": "south",
            "is_registered": true,
            "profile_pic": "",
            "created_at": "2026-02-07T06:18:24.663Z",
            "updated_at": "2026-02-07T06:18:24.663Z"
        }
    },
    {
        "model": "officers.officer",
        "pk": 1,
        "fields": {
            "user": [
                "officer1"
            ],
            "name": "Officer Smith",
            "email": "officer@test.com",
            "phone": "9876543212",
            "region": "south",
            "profile_pic": ""
        }
    },
    {
        "model": "officers.officer",
        "pk": 2,
        "fields": {
            "user": [
                "officernorth"
            ],
            "name": "Officer north",
            "email": "officer@test.com",
            "phone": "9848737987",
            "region": "west",
            "profile_pic": ""
        }
    },
    {
        "model": "officers.officer",
        "pk": 3,
        "fields": {
            "user": [
                "officereast"
            ],
            "name": "officereast",
            "email": "hellobyeot4@gmail.com",
            "phone": "08655530301",
            "region": "east",
            "profile_pic": ""
        }
    },
    {
        "model": "officers.officer",
        "pk": 4,
        "fields": {
            "user": [
                "officer_north"
            ],
            "name": "officer north",
            "email": "hellobyeot4@gmail.com",
            "phone": "4270432940",
            "region": "north",
            "profile_pic": ""
        }
    },
    {
        "model": "officers.officer",
        "pk": 5,
        "fields": {
            "user": [
                "central"
            ],
            "name": "officer central",
            "email": "hellobyeot4@gmail.com",
            "phone": "08655530301",
            "region": "central",
            "profile_pic": "officer_pics/Gemini_Generated_Image_57xnzg57xnzg57xn.png"
        }
    },
    {
        "model": "officers.officer",
        "pk": 6,
        "fields": {
            "user": [
                "off_north_gjbq"
            ],
            "name": "Officer North (gjbq)",
            "email": "off_north_gjbq@urban.com",
            "phone": "2737811298",
            "region": "north",
            "profile_pic": ""
        }
    },
    {
        "model": "officers.officer",
        "pk": 7,
        "fields": {
            "user": [
                "off_south_gjbq"
            ],
            "name": "Officer South (gjbq)",
            "email": "off_south_gjbq@urban.com",
            "phone": "1457752880",
            "region": "south",
            "profile_pic": ""
        }
    },
    {
        "model": "officers.officer",
        "pk": 8,
        "fields": {
            "user": [
                "off_east_gjbq"
            ],
            "name": "Officer East (gjbq)",
            "email": "off_east_gjbq@urban.com",
            "phone": "0749082864",
            "region": "east",
            "profile_pic": ""
        }
    },
    {
        "model": "officers.officer",
        "pk": 9,
        "fields": {
            "user": [
                "off_west_gjbq"
            ],
            "name": "Officer West (gjbq)",
            "email": "off_west_gjbq@urban.com",
            "phone": "9272955817",
            "region": "west",
            "profile_pic": ""
        }
    },
    {
        "model": "officers.officer",
        "pk": 10,
        "fields": {
            "user": [
                "off_central_gjbq"
            ],
            "name": "Officer Central (gjbq)",
            "email": "off_central_gjbq@urban.com",
            "phone": "5670895750",
            "region": "central",
            "profile_pic": ""
        }
    },
    {
        "model": "contractors.contractor",
        "pk": 1,
        "fields": {
            "user": [
                "contractor2"
            ],
            "name": "Contractor Ted",
            "email": "contractor2@gmail.com",
            "profile_pic": "",
            "phone": "4934938494",
            "company_name": "BBC Repairs",
            "specialization": "water",
            "region": "west",
            "license_number": "47920395830",
            "status": "rejected",
            "approved_by": null,
            "approved_at": null,
            "rejection_reason": "not legit send request again with more details",
            "created_at": "2025-12-11T15:03:11.878Z",
            "updated_at": "2025-12-14T11:58:16.610Z"
        }
    },
    {
        "model": "contractors.contractor",
        "pk": 2,
        "fields": {
            "user": [
                "contractor5"
            ],
            "name": "Jane Smith",
            "email": "contractor@gmail.com",
            "profile_pic": "",
            "phone": "9847834948",
            "company_name": "ABC Repairs",
            "specialization": "water",
            "region": "south",
            "license_number": "LIC-2025-001",
            "status": "approved",
            "approved_by": 1,
            "approved_at": "2025-12-14T11:57:48.731Z",
            "rejection_reason": "",
            "created_at": "2025-12-14T11:13:38.011Z",
            "updated_at": "2025-12-14T11:57:48.732Z"
        }
    },
    {
        "model": "contractors.contractor",
        "pk": 3,
        "fields": {
            "user": [
                "contractor10"
            ],
            "name": "Joen smith",
            "email": "testuser@email.com",
            "profile_pic": "",
            "phone": "9873768392",
            "company_name": "PVB Repairs",
            "specialization": "road",
            "region": "west",
            "license_number": "LIC-2025-001",
            "status": "rejected",
            "approved_by": null,
            "approved_at": null,
            "rejection_reason": "not valid information",
            "created_at": "2025-12-14T12:11:51.098Z",
            "updated_at": "2025-12-14T12:27:09.410Z"
        }
    },
    {
        "model": "contractors.contractor",
        "pk": 4,
        "fields": {
            "user": [
                "contractor11"
            ],
            "name": "Niki Mark",
            "email": "hellobyeot4@gmail.com",
            "profile_pic": "",
            "phone": "9775787887",
            "company_name": "PCB Repairs",
            "specialization": "electricity",
            "region": "south",
            "license_number": "LIC-2025-001",
            "status": "approved",
            "approved_by": 1,
            "approved_at": "2025-12-14T12:26:19.262Z",
            "rejection_reason": "",
            "created_at": "2025-12-14T12:15:49.336Z",
            "updated_at": "2025-12-14T12:26:19.263Z"
        }
    },
    {
        "model": "contractors.contractor",
        "pk": 5,
        "fields": {
            "user": [
                "saksh"
            ],
            "name": "sakshi sawant",
            "email": "sakshisawant1705@gmail.com",
            "profile_pic": "contractor_logos/Gemini_Generated_Image_ahbw9zahbw9zahbw.png",
            "phone": "9034827585",
            "company_name": "BBC Repairs",
            "specialization": "water",
            "region": "central",
            "license_number": "47920395835",
            "status": "approved",
            "approved_by": 5,
            "approved_at": null,
            "rejection_reason": "",
            "created_at": "2026-02-06T08:03:21.620Z",
            "updated_at": "2026-02-12T07:09:58.565Z"
        }
    },
    {
        "model": "contractors.contractor",
        "pk": 6,
        "fields": {
            "user": [
                "swara"
            ],
            "name": "swara",
            "email": "hellobyeot4@gmail.com",
            "profile_pic": "",
            "phone": "8655530301",
            "company_name": "PVB Repairs",
            "specialization": "water",
            "region": "central",
            "license_number": "4792039583",
            "status": "rejected",
            "approved_by": null,
            "approved_at": null,
            "rejection_reason": "noy valid",
            "created_at": "2026-02-06T17:56:34.670Z",
            "updated_at": "2026-02-06T18:10:19.050Z"
        }
    },
    {
        "model": "contractors.contractor",
        "pk": 7,
        "fields": {
            "user": [
                "cont_north_water_gjbq"
            ],
            "name": "Andrea (gjbq)",
            "email": "cont_north_water_gjbq@build.com",
            "profile_pic": "",
            "phone": "4443058014",
            "company_name": "Thornton-Jackson Water gjbq",
            "specialization": "water",
            "region": "north",
            "license_number": "LIC-gjbq-5785",
            "status": "approved",
            "approved_by": 6,
            "approved_at": "2026-02-07T06:18:01.931Z",
            "rejection_reason": "",
            "created_at": "2026-02-07T06:18:01.931Z",
            "updated_at": "2026-02-07T06:18:01.931Z"
        }
    },
    {
        "model": "contractors.contractor",
        "pk": 8,
        "fields": {
            "user": [
                "cont_north_road_gjbq"
            ],
            "name": "Angela (gjbq)",
            "email": "cont_north_road_gjbq@build.com",
            "profile_pic": "",
            "phone": "0116591228",
            "company_name": "Robinson-Robertson Road gjbq",
            "specialization": "road",
            "region": "north",
            "license_number": "LIC-gjbq-5101",
            "status": "approved",
            "approved_by": 6,
            "approved_at": "2026-02-07T06:18:02.723Z",
            "rejection_reason": "",
            "created_at": "2026-02-07T06:18:02.723Z",
            "updated_at": "2026-02-07T06:18:02.723Z"
        }
    },
    {
        "model": "contractors.contractor",
        "pk": 9,
        "fields": {
            "user": [
                "cont_north_electricity_gjbq"
            ],
            "name": "Heidi (gjbq)",
            "email": "cont_north_electricity_gjbq@build.com",
            "profile_pic": "",
            "phone": "1196472989",
            "company_name": "Rice, Hart and Gutierrez Electricity gjbq",
            "specialization": "electricity",
            "region": "north",
            "license_number": "LIC-gjbq-5299",
            "status": "approved",
            "approved_by": 6,
            "approved_at": "2026-02-07T06:18:03.309Z",
            "rejection_reason": "",
            "created_at": "2026-02-07T06:18:03.309Z",
            "updated_at": "2026-02-07T06:18:03.309Z"
        }
    },
    {
        "model": "contractors.contractor",
        "pk": 10,
        "fields": {
            "user": [
                "cont_north_sanitation_gjbq"
            ],
            "name": "Nancy (gjbq)",
            "email": "cont_north_sanitation_gjbq@build.com",
            "profile_pic": "",
            "phone": "1963805789",
            "company_name": "Williams Group Sanitation gjbq",
            "specialization": "sanitation",
            "region": "north",
            "license_number": "LIC-gjbq-1478",
            "status": "approved",
            "approved_by": 6,
            "approved_at": "2026-02-07T06:18:04.092Z",
            "rejection_reason": "",
            "created_at": "2026-02-07T06:18:04.092Z",
            "updated_at": "2026-02-07T06:18:04.092Z"
        }
    },
    {
        "model": "contractors.contractor",
        "pk": 11,
        "fields": {
            "user": [
                "cont_north_other_gjbq"
            ],
            "name": "William (gjbq)",
            "email": "cont_north_other_gjbq@build.com",
            "profile_pic": "",
            "phone": "5946503113",
            "company_name": "Heath, Frye and Bowman Other gjbq",
            "specialization": "other",
            "region": "north",
            "license_number": "LIC-gjbq-5157",
            "status": "approved",
            "approved_by": 6,
            "approved_at": "2026-02-07T06:18:04.676Z",
            "rejection_reason": "",
            "created_at": "2026-02-07T06:18:04.676Z",
            "updated_at": "2026-02-07T06:18:04.676Z"
        }
    },
    {
        "model": "contractors.contractor",
        "pk": 12,
        "fields": {
            "user": [
                "cont_south_water_gjbq"
            ],
            "name": "Jamie (gjbq)",
            "email": "cont_south_water_gjbq@build.com",
            "profile_pic": "",
            "phone": "3800085697",
            "company_name": "Evans, Mitchell and Simon Water gjbq",
            "specialization": "water",
            "region": "south",
            "license_number": "LIC-gjbq-6102",
            "status": "approved",
            "approved_by": 7,
            "approved_at": "2026-02-07T06:18:05.463Z",
            "rejection_reason": "",
            "created_at": "2026-02-07T06:18:05.463Z",
            "updated_at": "2026-02-07T06:18:05.463Z"
        }
    },
    {
        "model": "contractors.contractor",
        "pk": 13,
        "fields": {
            "user": [
                "cont_south_road_gjbq"
            ],
            "name": "Brent (gjbq)",
            "email": "cont_south_road_gjbq@build.com",
            "profile_pic": "",
            "phone": "6383533591",
            "company_name": "Day LLC Road gjbq",
            "specialization": "road",
            "region": "south",
            "license_number": "LIC-gjbq-4922",
            "status": "approved",
            "approved_by": 7,
            "approved_at": "2026-02-07T06:18:06.069Z",
            "rejection_reason": "",
            "created_at": "2026-02-07T06:18:06.069Z",
            "updated_at": "2026-02-07T06:18:06.069Z"
        }
    },
    {
        "model": "contractors.contractor",
        "pk": 14,
        "fields": {
            "user": [
                "cont_south_electricity_gjbq"
            ],
            "name": "Donald (gjbq)",
            "email": "cont_south_electricity_gjbq@build.com",
            "profile_pic": "",
            "phone": "8850353256",
            "company_name": "Rodriguez-Jones Electricity gjbq",
            "specialization": "electricity",
            "region": "south",
            "license_number": "LIC-gjbq-6378",
            "status": "approved",
            "approved_by": 7,
            "approved_at": "2026-02-07T06:18:06.825Z",
            "rejection_reason": "",
            "created_at": "2026-02-07T06:18:06.825Z",
            "updated_at": "2026-02-07T06:18:06.825Z"
        }
    },
    {
        "model": "contractors.contractor",
        "pk": 15,
        "fields": {
            "user": [
                "cont_south_sanitation_gjbq"
            ],
            "name": "Beverly (gjbq)",
            "email": "cont_south_sanitation_gjbq@build.com",
            "profile_pic": "",
            "phone": "8438136297",
            "company_name": "Fox Ltd Sanitation gjbq",
            "specialization": "sanitation",
            "region": "south",
            "license_number": "LIC-gjbq-1786",
            "status": "approved",
            "approved_by": 7,
            "approved_at": "2026-02-07T06:18:07.541Z",
            "rejection_reason": "",
            "created_at": "2026-02-07T06:18:07.541Z",
            "updated_at": "2026-02-07T06:18:07.541Z"
        }
    },
    {
        "model": "contractors.contractor",
        "pk": 16,
        "fields": {
            "user": [
                "cont_south_other_gjbq"
            ],
            "name": "Claudia (gjbq)",
            "email": "cont_south_other_gjbq@build.com",
            "profile_pic": "",
            "phone": "8997968353",
            "company_name": "Holder, Wade and Hester Other gjbq",
            "specialization": "other",
            "region": "south",
            "license_number": "LIC-gjbq-4337",
            "status": "approved",
            "approved_by": 7,
            "approved_at": "2026-02-07T06:18:08.180Z",
            "rejection_reason": "",
            "created_at": "2026-02-07T06:18:08.180Z",
            "updated_at": "2026-02-07T06:18:08.180Z"
        }
    },
    {
        "model": "contractors.contractor",
        "pk": 17,
        "fields": {
            "user": [
                "cont_east_water_gjbq"
            ],
            "name": "Cynthia (gjbq)",
            "email": "cont_east_water_gjbq@build.com",
            "profile_pic": "",
            "phone": "5861379923",
            "company_name": "Jimenez, Howe and Braun Water gjbq",
            "specialization": "water",
            "region": "east",
            "license_number": "LIC-gjbq-3699",
            "status": "approved",
            "approved_by": 8,
            "approved_at": "2026-02-07T06:18:08.931Z",
            "rejection_reason": "",
            "created_at": "2026-02-07T06:18:08.931Z",
            "updated_at": "2026-02-07T06:18:08.931Z"
        }
    },
    {
        "model": "contractors.contractor",
        "pk": 18,
        "fields": {
            "user": [
                "cont_east_road_gjbq"
            ],
            "name": "Tim (gjbq)",
            "email": "cont_east_road_gjbq@build.com",
            "profile_pic": "",
            "phone": "6021864822",
            "company_name": "Freeman, Gutierrez and Robbins Road gjbq",
            "specialization": "road",
            "region": "east",
            "license_number": "LIC-gjbq-6645",
            "status": "approved",
            "approved_by": 8,
            "approved_at": "2026-02-07T06:18:09.507Z",
            "rejection_reason": "",
            "created_at": "2026-02-07T06:18:09.507Z",
            "updated_at": "2026-02-07T06:18:09.507Z"
        }
    },
    {
        "model": "contractors.contractor",
        "pk": 19,
        "fields": {
            "user": [
                "cont_east_electricity_gjbq"
            ],
            "name": "Spencer (gjbq)",
            "email": "cont_east_electricity_gjbq@build.com",
            "profile_pic": "",
            "phone": "4705419329",
            "company_name": "Robinson and Sons Electricity gjbq",
            "specialization": "electricity",
            "region": "east",
            "license_number": "LIC-gjbq-3036",
            "status": "approved",
            "approved_by": 8,
            "approved_at": "2026-02-07T06:18:10.288Z",
            "rejection_reason": "",
            "created_at": "2026-02-07T06:18:10.288Z",
            "updated_at": "2026-02-07T06:18:10.288Z"
        }
    },
    {
        "model": "contractors.contractor",
        "pk": 20,
        "fields": {
            "user": [
                "cont_east_sanitation_gjbq"
            ],
            "name": "Amber (gjbq)",
            "email": "cont_east_sanitation_gjbq@build.com",
            "profile_pic": "",
            "phone": "9976295032",
            "company_name": "Gonzalez-Hickman Sanitation gjbq",
            "specialization": "sanitation",
            "region": "east",
            "license_number": "LIC-gjbq-5080",
            "status": "approved",
            "approved_by": 8,
            "approved_at": "2026-02-07T06:18:10.854Z",
            "rejection_reason": "",
            "created_at": "2026-02-07T06:18:10.854Z",
            "updated_at": "2026-02-07T06:18:10.854Z"
        }
    },
    {
        "model": "contractors.contractor",
        "pk": 21,
        "fields": {
            "user": [
                "cont_east_other_gjbq"
            ],
            "name": "Jill (gjbq)",
            "email": "cont_east_other_gjbq@build.com",
            "profile_pic": "",
            "phone": "6639155783",
            "company_name": "Murray, Murray and Shaffer Other gjbq",
            "specialization": "other",
            "region": "east",
            "license_number": "LIC-gjbq-2518",
            "status": "approved",
            "approved_by": 8,
            "approved_at": "2026-02-07T06:18:11.662Z",
            "rejection_reason": "",
            "created_at": "2026-02-07T06:18:11.662Z",
            "updated_at": "2026-02-07T06:18:11.662Z"
        }
    },
    {
        "model": "contractors.contractor",
        "pk": 22,
        "fields": {
            "user": [
                "cont_west_water_gjbq"
            ],
            "name": "Joshua (gjbq)",
            "email": "cont_west_water_gjbq@build.com",
            "profile_pic": "",
            "phone": "5769559180",
            "company_name": "Ramirez PLC Water gjbq",
            "specialization": "water",
            "region": "west",
            "license_number": "LIC-gjbq-6392",
            "status": "approved",
            "approved_by": 9,
            "approved_at": "2026-02-07T06:18:12.231Z",
            "rejection_reason": "",
            "created_at": "2026-02-07T06:18:12.231Z",
            "updated_at": "2026-02-07T06:18:12.231Z"
        }
    },
    {
        "model": "contractors.contractor",
        "pk": 23,
        "fields": {
            "user": [
                "cont_west_road_gjbq"
            ],
            "name": "Benjamin (gjbq)",
            "email": "cont_west_road_gjbq@build.com",
            "profile_pic": "",
            "phone": "1189769387",
            "company_name": "Alvarez-Johnson Road gjbq",
            "specialization": "road",
            "region": "west",
            "license_number": "LIC-gjbq-2061",
            "status": "approved",
            "approved_by": 9,
            "approved_at": "2026-02-07T06:18:12.966Z",
            "rejection_reason": "",
            "created_at": "2026-02-07T06:18:12.966Z",
            "updated_at": "2026-02-07T06:18:12.966Z"
        }
    },
    {
        "model": "contractors.contractor",
        "pk": 24,
        "fields": {
            "user": [
                "cont_west_electricity_gjbq"
            ],
            "name": "Audrey (gjbq)",
            "email": "cont_west_electricity_gjbq@build.com",
            "profile_pic": "",
            "phone": "1100444522",
            "company_name": "Mann, Gentry and Cooper Electricity gjbq",
            "specialization": "electricity",
            "region": "west",
            "license_number": "LIC-gjbq-3231",
            "status": "approved",
            "approved_by": 9,
            "approved_at": "2026-02-07T06:18:13.565Z",
            "rejection_reason": "",
            "created_at": "2026-02-07T06:18:13.565Z",
            "updated_at": "2026-02-07T06:18:13.565Z"
        }
    },
    {
        "model": "contractors.contractor",
        "pk": 25,
        "fields": {
            "user": [
                "cont_west_sanitation_gjbq"
            ],
            "name": "James (gjbq)",
            "email": "cont_west_sanitation_gjbq@build.com",
            "profile_pic": "",
            "phone": "5146024726",
            "company_name": "Garcia PLC Sanitation gjbq",
            "specialization": "sanitation",
            "region": "west",
            "license_number": "LIC-gjbq-3480",
            "status": "approved",
            "approved_by": 9,
            "approved_at": "2026-02-07T06:18:14.367Z",
            "rejection_reason": "",
            "created_at": "2026-02-07T06:18:14.367Z",
            "updated_at": "2026-02-07T06:18:14.367Z"
        }
    },
    {
        "model": "contractors.contractor",
        "pk": 26,
        "fields": {
            "user": [
                "cont_west_other_gjbq"
            ],
            "name": "Vanessa (gjbq)",
            "email": "cont_west_other_gjbq@build.com",
            "profile_pic": "",
            "phone": "3608257480",
            "company_name": "Wilson, Berger and Cummings Other gjbq",
            "specialization": "other",
            "region": "west",
            "license_number": "LIC-gjbq-7429",
            "status": "approved",
            "approved_by": 9,
            "approved_at": "2026-02-07T06:18:15.037Z",
            "rejection_reason": "",
            "created_at": "2026-02-07T06:18:15.037Z",
            "updated_at": "2026-02-07T06:18:15.037Z"
        }
    },
    {
        "model": "contractors.contractor",
        "pk": 27,
        "fields": {
            "user": [
                "cont_central_water_gjbq"
            ],
            "name": "Thomas (gjbq)",
            "email": "cont_central_water_gjbq@build.com",
            "profile_pic": "",
            "phone": "0683787100",
            "company_name": "Nelson, Gonzalez and Simmons Water gjbq",
            "specialization": "water",
            "region": "central",
            "license_number": "LIC-gjbq-2269",
            "status": "approved",
            "approved_by": 10,
            "approved_at": "2026-02-07T06:18:15.774Z",
            "rejection_reason": "",
            "created_at": "2026-02-07T06:18:15.775Z",
            "updated_at": "2026-02-07T06:18:15.775Z"
        }
    },
    {
        "model": "contractors.contractor",
        "pk": 28,
        "fields": {
            "user": [
                "cont_central_road_gjbq"
            ],
            "name": "Lisa (gjbq)",
            "email": "cont_central_road_gjbq@build.com",
            "profile_pic": "",
            "phone": "4229096762",
            "company_name": "Reeves, Fitzgerald and Moore Road gjbq",
            "specialization": "road",
            "region": "central",
            "license_number": "LIC-gjbq-4898",
            "status": "approved",
            "approved_by": 10,
            "approved_at": "2026-02-07T06:18:16.432Z",
            "rejection_reason": "",
            "created_at": "2026-02-07T06:18:16.432Z",
            "updated_at": "2026-02-07T06:18:16.432Z"
        }
    },
    {
        "model": "contractors.contractor",
        "pk": 29,
        "fields": {
            "user": [
                "cont_central_electricity_gjbq"
            ],
            "name": "Jacob (gjbq)",
            "email": "cont_central_electricity_gjbq@build.com",
            "profile_pic": "",
            "phone": "2906847937",
            "company_name": "Schwartz PLC Electricity gjbq",
            "specialization": "electricity",
            "region": "central",
            "license_number": "LIC-gjbq-5757",
            "status": "approved",
            "approved_by": 10,
            "approved_at": "2026-02-07T06:18:17.106Z",
            "rejection_reason": "",
            "created_at": "2026-02-07T06:18:17.106Z",
            "updated_at": "2026-02-07T06:18:17.106Z"
        }
    },
    {
        "model": "contractors.contractor",
        "pk": 30,
        "fields": {
            "user": [
                "cont_central_sanitation_gjbq"
            ],
            "name": "Joel (gjbq)",
            "email": "cont_central_sanitation_gjbq@build.com",
            "profile_pic": "",
            "phone": "6594983453",
            "company_name": "Hawkins-Gamble Sanitation gjbq",
            "specialization": "sanitation",
            "region": "central",
            "license_number": "LIC-gjbq-3582",
            "status": "approved",
            "approved_by": 10,
            "approved_at": "2026-02-07T06:18:17.880Z",
            "rejection_reason": "",
            "created_at": "2026-02-07T06:18:17.880Z",
            "updated_at": "2026-02-07T06:18:17.880Z"
        }
    },
    {
        "model": "contractors.contractor",
        "pk": 31,
        "fields": {
            "user": [
                "cont_central_other_gjbq"
            ],
            "name": "Kenneth (gjbq)",
            "email": "cont_central_other_gjbq@build.com",
            "profile_pic": "",
            "phone": "0546925353",
            "company_name": "Collier-Mitchell Other gjbq",
            "specialization": "other",
            "region": "central",
            "license_number": "LIC-gjbq-8147",
            "status": "approved",
            "approved_by": 10,
            "approved_at": "2026-02-07T06:18:18.662Z",
            "rejection_reason": "",
            "created_at": "2026-02-07T06:18:18.662Z",
            "updated_at": "2026-02-07T06:18:18.662Z"
        }
    },
    {
        "model": "contractors.contractor",
        "pk": 32,
        "fields": {
            "user": [
                "pending_0_gjbq"
            ],
            "name": "Lynn Brown",
            "email": "mariabauer@example.org",
            "profile_pic": "",
            "phone": "1663596418",
            "company_name": "New Applicant Henderson-Cooper gjbq",
            "specialization": "sanitation",
            "region": "north",
            "license_number": "TEMP-gjbq-0",
            "status": "rejected",
            "approved_by": null,
            "approved_at": null,
            "rejection_reason": "not verifieed",
            "created_at": "2026-02-07T06:18:19.551Z",
            "updated_at": "2026-02-14T09:25:05.568Z"
        }
    },
    {
        "model": "contractors.contractor",
        "pk": 33,
        "fields": {
            "user": [
                "pending_1_gjbq"
            ],
            "name": "Nancy Stone",
            "email": "blackwellbill@example.org",
            "profile_pic": "",
            "phone": "1701811646",
            "company_name": "New Applicant Hansen-Marshall gjbq",
            "specialization": "sanitation",
            "region": "east",
            "license_number": "TEMP-gjbq-1",
            "status": "approved",
            "approved_by": 5,
            "approved_at": "2026-02-14T09:24:53.327Z",
            "rejection_reason": "",
            "created_at": "2026-02-07T06:18:20.524Z",
            "updated_at": "2026-02-14T09:24:53.328Z"
        }
    },
    {
        "model": "account.emailaddress",
        "pk": 1,
        "fields": {
            "user": [
                "testuser"
            ],
            "email": "testuser@gmail.com",
            "verified": false,
            "primary": true
        }
    },
    {
        "model": "account.emailaddress",
        "pk": 2,
        "fields": {
            "user": [
                "contractor1"
            ],
            "email": "contractor@gmail.com",
            "verified": false,
            "primary": true
        }
    },
    {
        "model": "account.emailaddress",
        "pk": 3,
        "fields": {
            "user": [
                "contractor2"
            ],
            "email": "contractor2@gmail.com",
            "verified": false,
            "primary": true
        }
    },
    {
        "model": "account.emailaddress",
        "pk": 4,
        "fields": {
            "user": [
                "citizen1"
            ],
            "email": "citizen1@test.com",
            "verified": false,
            "primary": true
        }
    },
    {
        "model": "account.emailaddress",
        "pk": 5,
        "fields": {
            "user": [
                "citizen2"
            ],
            "email": "testuser@email.com",
            "verified": false,
            "primary": true
        }
    },
    {
        "model": "account.emailaddress",
        "pk": 6,
        "fields": {
            "user": [
                "contractor5"
            ],
            "email": "contractor@gmail.com",
            "verified": false,
            "primary": true
        }
    },
    {
        "model": "account.emailaddress",
        "pk": 7,
        "fields": {
            "user": [
                "contractor10"
            ],
            "email": "testuser@email.com",
            "verified": false,
            "primary": true
        }
    },
    {
        "model": "account.emailaddress",
        "pk": 8,
        "fields": {
            "user": [
                "contractor11"
            ],
            "email": "hellobyeot4@gmail.com",
            "verified": false,
            "primary": true
        }
    },
    {
        "model": "account.emailaddress",
        "pk": 9,
        "fields": {
            "user": [
                "kkkk"
            ],
            "email": "kaif@gmail.com",
            "verified": false,
            "primary": true
        }
    },
    {
        "model": "account.emailaddress",
        "pk": 10,
        "fields": {
            "user": [
                "sakshi"
            ],
            "email": "hellobyeot4@gmail.com",
            "verified": false,
            "primary": true
        }
    },
    {
        "model": "account.emailaddress",
        "pk": 12,
        "fields": {
            "user": [
                "saku2"
            ],
            "email": "hellobyeot4@gmail.com",
            "verified": false,
            "primary": true
        }
    },
    {
        "model": "account.emailaddress",
        "pk": 13,
        "fields": {
            "user": [
                "admin"
            ],
            "email": "admin@gmail.com",
            "verified": false,
            "primary": false
        }
    },
    {
        "model": "account.emailaddress",
        "pk": 15,
        "fields": {
            "user": [
                "saksh"
            ],
            "email": "sakshisawant1705@gmail.com",
            "verified": false,
            "primary": true
        }
    },
    {
        "model": "account.emailaddress",
        "pk": 16,
        "fields": {
            "user": [
                "swara"
            ],
            "email": "hellobyeot4@gmail.com",
            "verified": false,
            "primary": true
        }
    }
]